,ac_year,statname,area_sqkm,tot_population,urban_population,grwoth_rate,sexratio,sc_population,st_population,literacy_rate,male_literacy_rate,female_literacy_rate,statname,distcd,blkcd,villages,clusters,schools,sch_1,sch_2,sch_3,sch_4,sch_5,sch_6,sch_7,sch_r_1,sch_r_2,sch_r_3,sch_r_4,sch_r_5,sch_r_6,sch_r_7,sch_u_1,sch_u_2,sch_u_3,sch_u_4,sch_u_5,sch_u_6,sch_u_7,enr_1,enr_2,enr_3,enr_4,enr_5,enr_6,enr_7,enr_all,enr_r_1,enr_r_2,enr_r_3,enr_r_4,enr_r_5,enr_r_6,enr_r_7,enr_r_all,enr_u_1,enr_u_2,enr_u_3,enr_u_4,enr_u_5,enr_u_6,enr_u_7,enr_u_all,tch_1,tch_2,tch_3,tch_4,tch_5,tch_6,tch_7,tch_all,tch_r_1,tch_r_2,tch_r_3,tch_r_4,tch_r_5,tch_r_6,tch_r_7,tch_r_all,tch_u_1,tch_u_2,tch_u_3,tch_u_4,tch_u_5,tch_u_6,tch_u_7,tch_u_all,sing_cls_sch_1,sing_cls_sch_2,sing_cls_sch_3,sing_cls_sch_4,sing_cls_sch_5,sing_cls_sch_6,sing_cls_sch_7,sing_cls_sch_all,sing_tch_sch_1,sing_tch_sch_2,sing_tch_sch_3,sing_tch_sch_4,sing_tch_sch_5,sing_tch_sch_6,sing_tch_sch_7,sing_tch_sch_all,bldg_1,bldg_2,bldg_3,bldg_4,bldg_5,bldg_6,bldg_7,bldg_all,girls_toilet_1,girls_toilet_2,girls_toilet_3,girls_toilet_4,girls_toilet_5,girls_toilet_6,girls_toilet_7,girls_toilet_all,boys_toilet_1,cwsn_toilet_1,cwsn_toilet_2,cwsn_toilet_3,cwsn_toilet_4,cwsn_toilet_5,cwsn_toilet_6,cwsn_toilet_7,cwsn_toilet_all,water_1,water_2,water_3,water_4,water_5,water_6,water_7,water_all,electric_1,electric_2,electric_3,electric_4,electric_5,electric_6,electric_7,electric_all,rampneed_1,rampneed_2,rampneed_3,rampneed_4,rampneed_5,rampneed_6,rampneed_7,rampneed_all,ramps_1,ramps_2,ramps_3,ramps_4,ramps_5,ramps_6,ramps_7,ramps_all,library_1,library_2,library_3,library_4,library_5,library_6,library_7,library_all,librarian_1,librarian_2,librarian_3,librarian_4,librarian_5,librarian_6,librarian_7,librarian_all,bndrywall_1,bndrywall_2,bndrywall_3,bndrywall_4,bndrywall_5,bndrywall_6,bndrywall_7,bndrywall_all,cwsn_sch_1,cwsn_sch_2,cwsn_sch_3,cwsn_sch_4,cwsn_sch_5,cwsn_sch_6,cwsn_sch_7,cwsn_sch_all,lab_asst_1,lab_asst_2,lab_asst_3,lab_asst_4,lab_asst_5,lab_asst_6,lab_asst_7,lab_asst_all,hmroom_1,hmroom_2,hmroom_3,hmroom_4,hmroom_5,hmroom_6,hmroom_7,hmroom_all,hostel_boys_1,hostel_boys_2,hostel_boys_3,hostel_boys_4,hostel_boys_5,hostel_boys_6,hostel_boys_7,hostel_boys_all,hostel_girls_1,hostel_girls_2,hostel_girls_3,hostel_girls_4,hostel_girls_5,hostel_girls_6,hostel_girls_7,hostel_girls_all,internet_1,internet_2,internet_3,internet_4,internet_5,internet_6,internet_7,internet_all,ict_lab_1,ict_lab_2,ict_lab_3,ict_lab_4,ict_lab_5,ict_lab_6,ict_lab_7,ict_lab_all,smdc_1,smdc_2,smdc_3,smdc_4,smdc_5,smdc_6,smdc_7,smdc_all,sch_bld_com_1,sch_bld_com_2,sch_bld_com_3,sch_bld_com_4,sch_bld_com_5,sch_bld_com_6,sch_bld_com_7,sch_bld_com_all,pta_1,pta_2,pta_3,pta_4,pta_5,pta_6,pta_7,pta_all,sch_2006_1,sch_2006_2,sch_2006_3,sch_2006_4,sch_2006_5,sch_2006_6,sch_2006_7,sch_2006_all,cls_1,cls_2,cls_3,cls_4,cls_5,cls_6,cls_7,cls_all,tchf_1,tchf_2,tchf_3,tchf_4,tchf_5,tchf_6,tchf_7,tchf_all,enrg_1,enrg_2,enrg_3,enrg_4,enrg_5,enrg_6,enrg_7,enrg_all,enrc8_b,enrc8_g,enrc9_b,enrc9_g,enrc10_b,enrc10_g,enrc11_b,enrc11_g,enrc12_b,enrc12_g,repc8_b,repc8_g,repc9_b,repc9_g,repc10_b,repc10_g,repc11_b,repc11_g,repc12_b,repc12_g,cwsnc8_b,cwsnc8_g,cwsnc9_b,cwsnc9_g,cwsnc10_b,cwsnc10_g,cwsnc11_b,cwsnc11_g,cwsnc12_b,cwsnc12_g,schlabphy,schlabchem,schlabbio,schlabcomputer,schlabmath,schlablang,schlabgeo,schlabpsyc,schlabhsci,scsec,scsec_g,schsec,schsec_g,stsec,stsec_g,sthsec,sthsec_g,obcsec,obcsec_g,obchsec,obchsec_g,muslim_sec,muslim_sec_g,muslim_hsec,muslim_hsec_g,clgood_sec,clmajor_sec,clminor_sec,clgood_hsec,clmajor_hsec,clminor_hsec,boys_b13_c8,girls_b13_c8,boys_b13_c9,girls_b13_c9,boys_b13_c10,girls_b13_c10,boys_13_c8,girls_13_c8,boys_13_c9,girls_13_c9,boys_13_c10,girls_13_c10,boys_14_c8,girls_14_c8,boys_14_c9,girls_14_c9,boys_14_c10,girls_14_c10,boys_15_c8,girls_15_c8,boys_15_c9,girls_15_c9,boys_15_c10,girls_15_c10,boys_a15_c8,girls_a15_c8,boys_a15_c9,girls_a15_c9,boys_a15_c10,girls_a15_c10,boys_b15_c11,girls_b15_c11,boys_b15_c12,girls_b15_c12,boys_15_c11,girls_15_c11,boys_15_c12,girls_15_c12,boys_16_c11,girls_16_c11,boys_16_c12,girls_16_c12,boys_a17_c11,girls_a17_c11,boys_a17_c12,girls_a17_c12,apr_b_gen_py10,apr_g_gen_py10,apr_b_sc_py10,apr_g_sc_py10,apr_b_st_py10,apr_g_st_py10,apr_b_obc_py10,apr_g_obc_py10,pass_b_gen_py10,pass_g_gen_py10,pass_b_sc_py10,pass_g_sc_py10,pass_b_st_py10,pass_g_st_py10,pass_b_obc_py10,pass_g_obc_py10,arts_c11_b,sci_c11_b,com_c11_b,voc_c11_b,oth_c11_b,arts_c11_g,sci_c11_g,com_c11_g,voc_c11_g,oth_c11_g,arts_c12_b,sci_c12_b,com_c12_b,voc_c12_b,oth_c12_b,arts_c12_g,sci_c12_g,com_c12_g,voc_c12_g,oth_c12_g,apr_arts_gen_b,apr_arts_gen_g,apr_arts_sc_b,apr_arts_sc_g,apr_arts_st_b,apr_arts_st_g,apr_arts_obc_b,apr_arts_obc_g,pass_arts_gen_b,pass_arts_gen_g,pass_arts_sc_b,pass_arts_sc_g,pass_arts_st_b,pass_arts_st_g,pass_arts_obc_b,pass_arts_obc_g,apr_sci_gen_b,apr_sci_gen_g,apr_sci_sc_b,apr_sci_sc_g,apr_sci_st_b,apr_sci_st_g,apr_sci_obc_b,apr_sci_obc_g,pass_sci_gen_b,pass_sci_gen_g,pass_sci_sc_b,pass_sci_sc_g,pass_sci_st_b,pass_sci_st_g,pass_sci_obc_b,pass_sci_obc_g,apr_com_gen_b,apr_com_gen_g,apr_com_sc_b,apr_com_sc_g,apr_com_st_b,apr_com_st_g,apr_com_obc_b,apr_com_obc_g,pass_com_gen_b,pass_com_gen_g,pass_com_sc_b,pass_com_sc_g,pass_com_st_b,pass_com_st_g,pass_com_obc_b,pass_com_obc_g,apr_voc_gen_b,apr_voc_gen_g,apr_voc_sc_b,apr_voc_sc_g,apr_voc_st_b,apr_voc_st_g,apr_voc_obc_b,apr_voc_obc_g,pass_voc_gen_b,pass_voc_gen_g,pass_voc_sc_b,pass_voc_sc_g,pass_voc_st_b,pass_voc_st_g,pass_voc_obc_b,pass_voc_obc_g,apr_oth_gen_b,apr_oth_gen_g,apr_oth_sc_b,apr_oth_sc_g,apr_oth_st_b,apr_oth_st_g,apr_oth_obc_b,apr_oth_obc_g,pass_oth_gen_b,pass_oth_gen_g,pass_oth_sc_b,pass_oth_sc_g,pass_oth_st_b,pass_oth_st_g,pass_oth_obc_b,pass_oth_obc_g,tchug_r_m,tchgrad_r_m,tchpg_r_m,tchphd_r_m,tchpd_r_m,tchnr_r_m,tchug_r_f,tchgrad_r_f,tchpg_r_f,tchphd_r_f,tchpd_r_f,tchnr_r_f,tchug_r_nr,tchgrad_r_nr,tchpg_r_nr,tchphd_r_nr,tchpd_r_nr,tchug_p_m,tchgrad_p_m,tchpg_p_m,tchphd_p_m,tchpd_p_m,tchnr_p_m,tchug_p_f,tchgrad_p_f,tchpg_p_f,tchphd_p_f,tchpd_p_f,tchnr_p_f,tchug_p_nr,tchgrad_p_nr,tchphd_p_nr,tchbtt_m,tchbed_m,tchmed_m,tchoth_m,tchse_m,tchnr_m,tchbtt_f,tchbed_f,tchmed_f,tchoth_f,tchse_f,tchnr_f
0,2012-13,INDIA,3287240,1210193.42,31.2,17.64,940,16.6,8.6,74.04,82.14,65.46,INDIA,662,7167,130226,69232,228917,34359,57264,31737,36492,38317,20688,10057,17241,41932,21512,29505,29743,15529,5623,17094,15308,10203,6972,8519,5139,4317,8373065,19917011,2311751,4803176,5651260,9948188,3397932,54563885,3641299,13519559,1540175,3600368,4410411,7189955,1643291,35639935,4728936,6386963,771315,1200948,1232450,2745840,1751901,18882302,215456,518017,94702,187973,202429,156639,67878,1767257,92220,345053,59809,143152,150068,103632,35017,1199496,123196,172848,34875,44804,52224,52948,32832,567238,194,527,821,456,444,62,49,2553,292,589,192,344,1926,902,190,4435,34033,56954,31562,36345,37083,20391,9952,226323,98.99,97.61,96.12,90.94,86.29,93.24,64.62,92.4,0,2289,3152,1205,1159,2653,3779,1416,15653,34030,56019,31087,35193,36436,20332,9346,222446,31999,53571,25278,30216,26648,16569,8722,193003,6613,15331,5814,8826.0,8965.0,8650.0,1995.0,56194,4929,12061,3601,5841.0,5725.0,6316.0,1388.0,39861,28817,49606,24470,30269,26509,15699,8483,183856,9706,8096,4132,2610,3774,5541,2996,36855,31918,47827,26806,28115,26187,18084,8469,187409,789,1147,458,419,774,924,290,4801,4152,5242,1047,1186,1367,2426,599,16019,29253,38407,24144,22327,20848,11792,5318,152090,1920,3199,1369,1423,1719,3099,2247,14976,1521,1906,1049,944,1263,2477,2221,11381,17837,19026,10872,9803,8956,5843,3903,76240,8963,13198,3928,5723,5857,4549,1985,44203,4527,23566,8459,19289,14723,9070,1813,81447,3465,14720,4618,9196,7955,6340,1329,47623,5779,20727,6229,13599,10547,6832,1965,65678,3136,4991,3129,2416,9109,1822,2981,27584,194889,319799,63010,85819,107560,166133,70663,1015147,122312,198919,41917,60392,64885,49623,21401,694229,3725808,9496757,1011560,2380999,2731098,4601185,1566059,25587271,10621836,10101579,9576581,8576379,8743419,7743724,5594108,4917884,5062506,4349284,141867,140806,308815,267743,243608,208387,100436,78298,128934,87841,113807,90994,119169,262646,48693,38344,12900,10462,11925,9906,26303,26040,24752,32874,10587,7715,8546,3102,6198,6317024,2983146,3451837,1610342,2915233,1393388,1232768,561153,14946939,6977904,8147848,3800860,3135465,1597250,1422171,706008,556715,19710,52544,347564,10223,24818,3245667,3054367,428934,372403,8,2,4597524,4396271,2612886,2364492,83,133,1903970,1823141,3643929,3262811,2823935,2529152,574504,543887,1751854,1563353,3331325,2942541,273164,257151,1092451,964762,2542484,2222700,3646439,3262882,1495645,1311583,1144144,991675,1798222,1584758,2008964,1802896,1495598,1311534,759179,628531,1721924,1402633,1948072.0,1728826.0,1073728.0,964028.0,460636.0,419877.0,2671875.0,2294355.0,1662265.0,1477344.0,809122.0,721823.0,308918.0,269117.0,2101313.0,1850866.0,1575945,1257519,573005,126176,56374,1721667,863366,459072,80901,39549,1399599,1144649,503460,104140,50179,1506336,774164,404740,66981,35450,441273.0,531019.0,262869.0,264737.0,115236.0,103954.0,428861.0,490604.0,323102.0,414163.0,186722.0,205116.0,75238.0,73281.0,315355.0,394034.0,448746.0,267803.0,177175.0,119260.0,49773.0,35637.0,557337.0,381602.0,326631.0,198316.0,125708.0,90490.0,32763.0,26185.0,416881.0,311393.0,233646.0,173624.0,64657.0,49784.0,18816.0,12927.0,183110.0,146655.0,168886.0,131073.0,45694.0,37535.0,12631.0,9410.0,133643.0,116336.0,31508.0,18475.0,26325.0,19721.0,4556.0,3368.0,53902.0,35672.0,20916.0,14140.0,17871.0,15331.0,2916.0,2583.0,37916.0,29720.0,8297.0,5449.0,5369.0,2979.0,3096.0,2269.0,18299.0,11444.0,6342.0,4400.0,3962.0,2359.0,2444.0,1648.0,14405.0,8534.0,153627,372674,459334,30558,785,67,90202,220176,309289,25686,472,133,4824,126,250,11,0,10874.0,19249.0,19640.0,989.0,15.0,2.0,12820.0,18899.0,15855.0,671.0,20.0,6.0,1.0,1.0,0.0,96357,653052,57709,49238,11392,200066,58159,442009,39281,29692,7228,117860
1,2012-13,JAMMU AND KASHMIR,222236,12548.93,20.05,23.71,883,7.4,11.9,68.74,78.26,58.01,JAMMU & KASHMIR,22,201,2404,1396,3923,905,149,2094,322,10,440,3,560,134,1527,294,8,318,1,345,15,567,28,2,122,2,132526,34366,125747,32142,1932,212670,1591,540974,70918,31688,92149,29412,1424,130157,136,355884,61608,2678,33598,2730,508,82513,1455,185090,1811,908,3300,1202,133,7191,43,14796,1016,738,2218,1083,99,4409,5,9756,795,170,1082,119,34,2782,38,5040,7,0,62,0,0,1,0,70,0,0,1,0,0,0,0,1,905,149,2094,322,10,440,3,3923,96.24,100.0,91.61,93.96,57.14,94.98,100.0,94.03,0,0,1,7,3,0,12,1,24,887,144,2054,315,10,435,3,3848,713,106,1399,161,4,361,3,2747,34,12,98,24.0,0.0,51.0,1.0,220,24,7,68,13.0,0.0,28.0,1.0,141,734,119,1571,230,9,345,2,3010,107,16,117,19,1,124,0,384,708,108,1432,201,8,379,3,2839,0,0,1,1,0,0,0,2,142,44,150,67,3,202,2,610,700,93,1506,199,5,333,3,2839,6,9,5,3,0,11,0,34,5,8,4,0,0,11,0,28,452,53,846,116,6,201,2,1676,204,22,247,11,0,42,2,528,240,66,720,202,6,323,0,1557,148,57,421,117,6,242,0,991,220,60,546,136,7,233,0,1202,18,3,31,1,0,1,1,55,3379,690,3779,924,56,3933,30,12808,890,252,1451,326,45,2602,1,5651,57955,14760,58871,16515,766,95332,87,244286,117190,102434,104930,89780,73962,61540,62950,50062,54846,42904,2583,1922,3775,2771,3570,2940,944,549,2286,1590,1165,835,526,370,308,214,128,85,81,71,386,384,363,390,92,66,72,26,34,29607,13774,12155,5589,35490,15049,14270,5839,25179,11576,15357,6471,198897,91959,131589,57579,7845,176,959,3243,137,433,61043,53354,5425,4515,0,0,39844,34459,44356,36765,0,0,10701,9919,35153,30141,36183,29088,3347,3019,13634,12698,25373,21445,2204,1651,7437,6881,13152,11828,43736,33366,21660,15591,11960,10726,17188,13268,19735,14663,21660,15591,7355,6331,16141,14389,41439.0,33920.0,5455.0,4792.0,6024.0,4424.0,4164.0,3322.0,25802.0,20246.0,2298.0,1961.0,2365.0,2176.0,2434.0,1854.0,19309,14627,3608,212,89,19044,9739,1446,30,110,15428,12889,3586,133,85,16802,8938,1484,97,202,13185.0,14714.0,1111.0,1318.0,1758.0,1456.0,1776.0,1482.0,6010.0,6437.0,410.0,829.0,565.0,527.0,811.0,636.0,12217.0,7379.0,787.0,489.0,1030.0,639.0,752.0,427.0,8611.0,5494.0,501.0,403.0,557.0,270.0,473.0,317.0,2845.0,1428.0,105.0,44.0,97.0,34.0,137.0,26.0,2077.0,861.0,63.0,27.0,40.0,24.0,100.0,19.0,18.0,6.0,2.0,2.0,4.0,2.0,0.0,3.0,12.0,8.0,4.0,2.0,0.0,1.0,0.0,2.0,20.0,66.0,0.0,0.0,0.0,0.0,0.0,1.0,18.0,56.0,0.0,0.0,0.0,0.0,0.0,1.0,349,2346,5992,297,8,1,254,1597,3468,241,4,0,0,0,0,0,0,18.0,35.0,92.0,7.0,0.0,0.0,14.0,33.0,40.0,0.0,0.0,0.0,0.0,0.0,0.0,56,6172,649,94,35,2139,20,3630,680,50,17,1254
2,2012-13,HIMACHAL PRADESH,55673,6856.51,8.69,12.81,974,25.2,5.7,83.78,90.83,76.6,HIMACHAL PRADESH,12,124,2519,1522,3343,434,1349,701,846,1,3,9,305,1256,572,826,1,2,6,129,93,129,20,0,1,3,69898,360535,23560,54469,26,366,1644,510498,39832,313649,18295,52909,26,97,980,425788,30066,46886,5265,1560,0,269,664,84710,2828,15609,1647,2538,5,37,78,22897,1795,13903,1277,2462,5,23,62,19664,1033,1706,370,76,0,14,16,3233,0,5,10,54,0,0,0,69,0,0,0,1,0,0,0,1,431,1349,701,846,1,3,9,3340,100.0,99.31,100.0,98.93,0.0,100.0,50.0,99.42,0,4,2,1,0,0,1,0,8,434,1347,701,840,1,3,9,3335,431,1342,698,818,1,3,9,3302,47,744,69,450.0,0.0,3.0,4.0,1317,39,688,49,416.0,0.0,2.0,4.0,1198,427,1268,657,730,1,3,8,3094,261,273,254,56,0,1,6,851,360,916,522,489,1,3,8,2299,2,3,3,2,0,0,0,10,164,466,123,118,0,1,4,876,419,993,669,444,1,3,8,2537,21,24,10,10,0,0,1,66,17,15,12,4,0,1,3,52,318,910,337,413,1,2,8,1989,157,671,167,41,0,1,2,1039,80,593,104,353,1,1,3,1135,54,689,52,285,0,1,2,1083,104,215,166,96,1,1,3,586,28,48,86,65,0,0,3,230,2965,8904,1638,1561,2,20,58,15187,1684,5733,1036,833,5,16,39,9426,28223,176095,9027,27059,6,161,699,241270,67782,59448,75226,64895,77445,69220,63048,56780,53509,50375,158,157,2983,1904,3794,3190,1611,1177,1353,1127,1012,712,745,499,566,441,192,144,150,130,368,370,360,520,137,92,94,23,42,77340,37086,49826,24204,17250,8186,12912,6237,45844,21571,36926,17708,3954,1754,2053,900,6659,278,1010,6103,273,864,31690,28113,13,7,0,0,24136,21362,26049,23116,0,0,8479,7281,26422,23522,24823,22347,2523,1965,13910,11678,25313,23240,958,723,8833,6571,27309,23633,37892,34844,15005,14278,14512,13188,17609,16655,20460,18918,15005,14278,10644,8748,20895,19442,36881.0,32754.0,17551.0,17007.0,4440.0,4159.0,11814.0,10946.0,29315.0,26055.0,12455.0,11970.0,3310.0,3129.0,8449.0,7845.0,31118,19470,11441,827,265,34118,14810,7536,161,241,24260,18046,10410,691,222,29238,13866,6944,158,163,9857.0,12452.0,4800.0,5707.0,1330.0,1517.0,3018.0,4301.0,7810.0,10320.0,3755.0,4789.0,997.0,1164.0,2204.0,3345.0,9123.0,6558.0,2172.0,1503.0,721.0,539.0,1936.0,1358.0,7282.0,5351.0,1861.0,1264.0,592.0,414.0,1523.0,1165.0,4961.0,3191.0,1877.0,1054.0,420.0,244.0,1466.0,872.0,3856.0,2709.0,1503.0,913.0,331.0,219.0,1141.0,733.0,362.0,104.0,163.0,59.0,41.0,9.0,89.0,55.0,232.0,78.0,106.0,43.0,31.0,7.0,42.0,15.0,1.0,0.0,0.0,0.0,0.0,1.0,0.0,0.0,1.0,0.0,0.0,0.0,0.0,1.0,0.0,0.0,1269,2287,8421,950,6,0,690,1803,6010,544,7,0,0,0,0,0,0,79.0,151.0,290.0,18.0,0.0,0.0,34.0,98.0,226.0,14.0,0.0,0.0,0.0,0.0,0.0,592,8927,764,1784,360,1044,343,6978,478,913,197,517
3,2012-13,PUNJAB,50362,27704.24,29.82,13.73,893,31.9,0.0,76.68,81.48,71.34,PUNJAB,22,142,5051,1608,8892,2562,1692,2665,1855,1,43,74,1407,1352,1327,1718,1,25,25,1155,340,1338,137,0,18,49,513511,642153,127599,189213,64,13388,22696,1508998,207373,423267,54928,170894,64,8492,5710,870913,306138,218886,72671,18319,0,4896,16986,638085,21160,23179,8461,10039,2,492,752,64281,9658,16435,4071,9009,2,285,207,39785,11502,6744,4390,1030,0,207,545,24496,7,3,44,67,0,0,0,121,0,1,0,4,0,0,0,5,2554,1690,2652,1855,1,43,74,8869,99.73,97.86,98.85,97.81,100.0,97.3,100.0,98.66,0,24,1,36,0,0,6,9,76,2562,1692,2665,1854,1,43,73,8890,2562,1692,2658,1855,1,43,72,8883,83,195,67,181.0,0.0,8.0,20.0,554,54,149,39,142.0,0.0,4.0,13.0,401,2299,1643,2149,1761,0,40,67,7959,300,190,200,32,0,19,41,782,2529,1609,2617,1729,1,42,73,8600,4,0,11,2,0,2,0,19,456,656,136,197,0,7,33,1485,2427,1547,2498,1570,1,42,73,8158,32,7,13,5,0,1,6,64,28,13,11,7,0,3,14,76,1936,1076,1609,879,1,38,64,5603,583,1337,384,1298,0,6,25,3633,85,726,55,796,1,2,2,1667,57,453,33,480,0,2,1,1026,140,631,94,681,0,2,6,1554,227,16,277,43,0,15,17,595,14490,12744,5384,5059,4,406,603,38719,16137,12920,6713,5527,2,418,587,42455,213594,299008,54316,87084,64,10046,11508,675790,276288,213820,236559,186503,241307,193393,196307,158733,159035,137161,251,172,1818,1045,1022,724,518,260,866,386,4526,4585,1567,1548,1347,1429,569,777,597,688,1332,1314,1185,2574,929,333,226,64,268,289974,136268,180658,87925,87,58,117,40,126146,57986,97977,47153,9658,4537,5683,2731,23056,682,540,13850,308,283,58236,50385,78,46,0,0,103481,83466,47914,41333,0,0,68861,49995,89008,72641,49958,43410,29616,19604,58253,43648,88457,74386,15950,10226,41305,28836,102892,75597,107174,92248,28654,23446,51871,39487,50098,43549,69601,59781,28654,23446,37262,26998,80283,70165,96451.0,73693.0,48465.0,47211.0,343.0,626.0,23564.0,21406.0,88500.0,69847.0,41428.0,41436.0,234.0,594.0,20904.0,19332.0,114476,33631,18403,9996,1182,96675,26422,14992,6675,1046,92206,26117,13523,7214,939,83940,21346,12515,5249,668,44045.0,39559.0,20726.0,22532.0,34.0,116.0,12071.0,13005.0,35622.0,34557.0,17396.0,20244.0,32.0,48.0,10270.0,11832.0,16998.0,14430.0,2524.0,1996.0,23.0,41.0,2148.0,1854.0,13470.0,12348.0,2152.0,1810.0,80.0,68.0,1820.0,1700.0,9485.0,8064.0,1262.0,1344.0,3.0,19.0,1070.0,1105.0,7965.0,7063.0,1160.0,1247.0,8.0,7.0,963.0,1075.0,2617.0,424.0,1676.0,496.0,0.0,0.0,1113.0,287.0,2225.0,398.0,1420.0,457.0,0.0,0.0,970.0,276.0,307.0,118.0,14.0,15.0,0.0,0.0,30.0,5.0,141.0,75.0,12.0,15.0,0.0,0.0,27.0,4.0,1365,5829,12784,860,8,0,2362,11275,24370,1387,7,0,0,0,2,0,0,63.0,355.0,518.0,42.0,0.0,0.0,189.0,1047.0,1733.0,85.0,0.0,0.0,0.0,0.0,0.0,388,14931,1896,2166,1228,1215,862,30136,3023,3553,1371,3510
4,2012-13,CHANDIGARH,114,1054.69,76.66,17.1,818,18.9,0.0,86.43,90.54,81.38,CHANDIGARH,1,20,67,20,145,78,4,63,0,0,0,0,10,0,9,0,0,0,0,68,4,54,0,0,0,0,55675,3283,12861,0,0,0,0,71819,4294,0,2186,0,0,0,0,6480,51381,3283,10675,0,0,0,0,65339,1467,66,329,0,0,0,0,1885,79,0,50,0,0,0,0,129,1388,66,279,0,0,0,0,1756,0,0,1,0,0,0,0,1,0,0,0,0,0,0,0,0,78,4,63,0,0,0,0,145,100.0,100.0,100.0,0.0,0.0,0.0,0.0,100.0,0,0,0,2,0,0,0,0,2,78,4,63,0,0,0,0,145,78,4,63,0,0,0,0,145,25,2,8,0.0,0.0,0.0,0.0,35,24,2,8,0.0,0.0,0.0,0.0,34,75,4,61,0,0,0,0,140,40,2,12,0,0,0,0,54,78,4,63,0,0,0,0,145,2,0,2,0,0,0,0,4,9,0,3,0,0,0,0,12,76,4,61,0,0,0,0,141,4,1,0,0,0,0,0,5,4,1,0,0,0,0,0,5,75,3,58,0,0,0,0,136,42,2,17,0,0,0,0,61,29,2,23,0,0,0,0,54,13,1,7,0,0,0,0,21,16,3,14,0,0,0,0,33,0,0,7,0,0,0,0,7,1108,55,261,0,0,0,0,1424,1178,44,263,0,0,0,0,1506,24519,1330,5573,0,0,0,0,31422,11325,8868,10409,8070,9781,7513,11601,8695,8606,7144,9,2,69,14,6,3,176,86,146,54,467,444,58,43,59,64,40,39,36,52,55,55,53,67,41,20,20,9,27,4841,2311,4505,2081,7,5,1,1,776,356,354,168,1373,680,775,372,737,0,13,655,0,19,3118,2614,86,82,0,0,4379,3422,2804,2394,0,0,2227,1674,4083,3347,2693,2164,930,728,2006,1310,3790,2951,671,430,1430,937,3298,2398,7263,5852,2351,2110,2554,1763,3570,2922,4835,3674,2351,2110,1784,1080,2685,2112,7330.0,5954.0,1226.0,1222.0,28.0,17.0,193.0,201.0,7256.0,5889.0,1138.0,1120.0,20.0,17.0,191.0,198.0,3797,3230,1879,600,960,4102,1829,1528,610,356,2258,2734,1457,502,703,2250,1675,1458,521,375,1646.0,1528.0,304.0,304.0,11.0,12.0,10.0,10.0,1150.0,1234.0,193.0,232.0,7.0,9.0,10.0,10.0,2568.0,1453.0,190.0,106.0,11.0,17.0,31.0,15.0,1939.0,1207.0,135.0,79.0,10.0,16.0,28.0,14.0,1446.0,1342.0,78.0,95.0,2.0,3.0,9.0,11.0,994.0,1048.0,62.0,84.0,1.0,1.0,8.0,10.0,550.0,545.0,142.0,89.0,0.0,0.0,0.0,2.0,442.0,468.0,120.0,76.0,0.0,1.0,0.0,0.0,1.0,0.0,0.0,0.0,0.0,0.0,0.0,0.0,0.0,0.0,0.0,0.0,0.0,0.0,0.0,0.0,20,53,242,47,0,0,19,201,1086,170,2,0,0,0,0,0,0,0.0,1.0,16.0,0.0,0.0,0.0,0.0,3.0,23.0,2.0,0.0,0.0,0.0,0.0,0.0,8,245,64,40,15,7,24,1064,290,73,36,19
5,2012-13,UTTARAKHAND,53483,10116.75,21.54,19.17,963,18.8,2.9,79.63,88.33,70.7,UTTARAKHAND,13,95,2556,961,3240,419,1461,110,1040,134,69,7,215,1266,73,983,113,49,4,204,194,37,57,18,20,3,143206,423503,9932,69747,11738,20763,1183,681457,64012,340658,6065,64525,8723,14164,662,500194,79194,82793,3867,5222,2995,6599,521,181191,1114,10535,158,3097,528,356,46,16758,513,9197,111,2962,448,255,31,14228,601,1338,47,135,73,101,15,2523,3,8,4,35,6,1,0,57,2,3,2,7,12,1,0,27,406,1439,106,1032,108,67,6,3164,97.11,94.86,100.0,95.77,90.15,96.97,50.0,95.39,0,12,7,5,2,8,8,0,42,418,1398,108,963,99,63,6,3055,410,1389,105,856,70,52,7,2889,44,150,9,118.0,21.0,19.0,6.0,367,28,107,5,82.0,11.0,12.0,2.0,247,394,1133,98,681,67,51,2,2426,158,43,25,24,12,10,2,274,407,899,106,752,86,54,6,2310,6,10,1,7,7,0,0,31,8,8,0,3,1,1,0,21,387,1035,101,668,46,38,3,2278,30,33,2,11,6,7,0,89,21,15,2,6,4,6,1,55,263,473,50,200,32,10,3,1031,140,100,19,17,4,3,1,284,53,1068,9,715,80,27,2,1954,42,1099,9,715,69,24,4,1962,68,1174,9,760,76,27,4,2118,13,13,12,85,61,6,5,195,2878,7646,205,1494,291,425,30,13074,626,2697,69,969,153,84,29,5143,68092,202733,4468,36431,6307,10738,541,329697,100321,95232,100767,93031,101700,94620,76356,73327,72937,68719,586,583,5195,2870,9476,7560,1735,1098,3658,2909,461,456,330,230,350,261,159,163,196,192,409,415,393,519,190,69,101,20,87,82664,39463,49754,23779,13370,6766,10732,5355,77849,38939,50893,25810,27064,12949,14956,7362,6148,484,799,4639,360,624,44103,37967,3953,3836,0,0,33014,32488,35599,28844,0,0,15864,15989,32655,30850,38819,33387,5169,6018,17945,18083,32659,30694,2204,2738,10543,11377,30171,30511,51838,47308,25227,20729,13708,13742,21625,20884,23114,22654,25227,20729,10814,12286,25897,27000,50101.0,45068.0,17998.0,16280.0,3516.0,3508.0,11944.0,11710.0,38780.0,37757.0,11443.0,11695.0,2476.0,2555.0,8678.0,9203.0,23556,31654,5070,5,384,38063,13912,2467,2,109,22120,26113,4596,0,309,34623,12322,2253,0,106,14583.0,24884.0,5852.0,8318.0,1256.0,2063.0,2971.0,5614.0,12287.0,21287.0,4750.0,6582.0,1014.0,1761.0,2502.0,4832.0,19219.0,9060.0,4031.0,1250.0,1047.0,386.0,3766.0,1560.0,14507.0,7190.0,2717.0,1009.0,739.0,350.0,2618.0,1190.0,3883.0,2198.0,559.0,175.0,139.0,62.0,685.0,213.0,2493.0,1642.0,357.0,104.0,109.0,58.0,468.0,164.0,77.0,1.0,22.0,0.0,16.0,0.0,52.0,1.0,14.0,1.0,15.0,0.0,10.0,0.0,27.0,0.0,357.0,45.0,41.0,8.0,27.0,52.0,61.0,11.0,239.0,28.0,25.0,2.0,19.0,47.0,47.0,11.0,454,1049,9699,232,24,0,222,1163,3557,122,14,0,45,1,4,0,0,9.0,19.0,78.0,1.0,0.0,0.0,6.0,16.0,42.0,1.0,0.0,0.0,0.0,0.0,0.0,563,9047,415,549,153,838,245,3340,209,204,46,1099
6,2012-13,HARYANA,44212,25353.08,24.12,19.9,877,20.2,0.0,76.64,85.38,66.77,HARYANA,21,119,3267,1433,7450,2623,1703,1469,1613,4,36,2,1570,1442,910,1525,3,35,0,1053,261,559,88,1,1,2,600311,535629,109749,150996,191,1493,1063,1402741,293409,368076,66111,139547,153,1484,0,869599,306902,167553,43638,11449,38,9,1063,533142,8704,10392,1704,878,7,185,31,22225,4774,8057,980,758,3,185,0,15005,3930,2335,724,120,4,0,31,7220,0,1,5,3,0,1,0,10,1,1,1,1,0,2,0,6,2606,1702,1463,1611,4,31,2,7419,99.76,98.97,99.79,97.72,75.0,45.71,100.0,98.64,0,141,18,93,10,1,3,1,267,2623,1703,1469,1612,4,35,2,7448,2614,1695,1458,1602,4,21,2,7396,322,399,173,364.0,1.0,11.0,0.0,1270,272,347,148,308.0,1.0,7.0,0.0,1083,2444,1564,1298,1462,4,23,2,6797,479,55,190,24,2,5,0,755,2607,1675,1453,1565,4,26,2,7332,17,8,6,5,0,0,0,36,343,242,63,21,0,0,0,669,2448,1490,1320,1223,4,14,2,6501,31,18,2,8,0,0,0,59,21,14,1,10,1,0,0,47,1764,773,750,452,1,1,2,3743,742,519,225,416,0,1,1,1904,194,1356,74,1269,0,17,1,2911,240,1315,115,1204,1,8,0,2883,325,1278,170,1167,2,13,0,2955,280,17,137,13,1,36,0,484,18652,12204,4370,4175,16,103,28,39722,4530,4109,906,352,5,91,10,10174,235050,265212,41040,79757,51,659,383,623482,242720,195483,231023,184842,222042,177060,168048,133704,158146,127876,433,342,1461,853,868,581,811,201,667,265,1937,1556,1451,1188,1127,1098,708,597,616,626,1213,1199,1039,2129,732,434,470,172,333,184988,87952,100494,47466,0,0,0,0,239257,106294,164005,73051,22309,6940,11224,2810,23045,306,452,15404,202,315,99255,82056,22564,17454,0,0,78060,61197,69863,54534,0,0,41603,31826,68303,55230,88768,72866,15726,12947,41838,33484,72153,55654,8077,7456,28455,24140,61121,48540,96352,78195,40792,33718,41349,32400,49552,42509,53243,43288,40792,33718,30395,23154,67768,51590,98594.0,74226.0,40285.0,36314.0,322.0,309.0,59721.0,48612.0,80960.0,62731.0,22471.0,19952.0,195.0,203.0,42060.0,34418.0,63295,50088,32701,546,1086,65305,24513,25310,689,224,58825,45748,28706,238,1129,63440,23007,23132,365,326,33868.0,34210.0,14671.0,15189.0,52.0,69.0,20162.0,21863.0,23482.0,28073.0,8829.0,10574.0,26.0,98.0,12797.0,16515.0,27250.0,13310.0,4506.0,1902.0,47.0,4.0,12238.0,5371.0,20699.0,11296.0,2921.0,1483.0,40.0,9.0,8678.0,4393.0,18857.0,14357.0,3995.0,2327.0,58.0,32.0,7965.0,5324.0,13811.0,12117.0,2292.0,1727.0,17.0,36.0,4945.0,4201.0,133.0,80.0,65.0,93.0,0.0,0.0,49.0,159.0,145.0,90.0,35.0,70.0,0.0,0.0,73.0,104.0,5.0,9.0,11.0,14.0,0.0,0.0,13.0,30.0,5.0,9.0,3.0,3.0,0.0,0.0,5.0,11.0,555,2039,8112,963,10,0,445,1512,6961,820,12,0,0,0,0,0,0,33.0,118.0,210.0,11.0,0.0,0.0,16.0,95.0,296.0,16.0,1.0,0.0,0.0,0.0,0.0,376,9138,793,470,467,807,231,7967,780,279,332,585
7,2012-13,DELHI,1483,16753.24,77.03,20.96,866,16.8,0.0,86.34,91.03,80.93,DELHI,9,40,596,50,1965,1014,504,289,158,0,0,0,18,32,13,2,0,0,0,996,472,276,156,0,0,0,718186,418409,36786,51008,0,0,0,1224389,8330,11785,1719,90,0,0,0,21924,709856,406624,35067,50918,0,0,0,1202465,25924,11808,1736,1654,0,0,0,41136,307,457,67,8,0,0,0,839,25617,11351,1669,1646,0,0,0,40297,0,0,4,1,0,0,0,5,2,0,0,0,0,0,0,2,1014,504,289,158,0,0,0,1965,100.0,100.0,100.0,100.0,0.0,0.0,0.0,100.0,0,685,401,170,126,0,0,0,1382,1014,504,289,158,0,0,0,1965,1014,504,289,158,0,0,0,1965,610,385,148,122.0,0.0,0.0,0.0,1265,606,385,148,122.0,0.0,0.0,0.0,1261,926,465,265,151,0,0,0,1807,783,305,223,66,0,0,0,1377,1004,503,284,153,0,0,0,1944,12,9,2,2,0,0,0,25,828,417,87,100,0,0,0,1432,998,502,283,155,0,0,0,1938,19,12,1,0,0,0,0,32,18,7,1,0,0,0,0,26,943,430,260,126,0,0,0,1759,290,47,75,15,0,0,0,427,48,17,15,6,0,0,0,86,128,28,38,8,0,0,0,202,436,178,148,48,0,0,0,810,29,35,20,27,0,0,0,111,15740,7736,1135,1037,0,0,0,25648,18980,5180,1288,775,0,0,0,26233,366452,164294,13771,21423,0,0,0,565940,184837,156447,181709,147561,168767,146235,188527,158248,119446,113896,0,0,0,0,0,0,0,0,0,0,1420,1355,1427,1220,1381,1288,1029,1091,739,869,727,726,702,679,701,243,264,96,451,77470,38576,81853,41784,2649,1275,2437,1231,23007,9978,26457,12051,80024,38426,60792,30203,11827,436,1275,10741,394,975,64875,49130,0,0,0,0,74351,62784,61441,46271,0,0,31540,28755,71644,58531,56972,45035,10082,10407,32284,27420,66115,55993,3988,5372,16340,15339,45680,45207,128767,98223,41951,32845,36253,33348,44783,41739,67305,56908,41951,32845,23506,26678,32714,39310,148766.0,124727.0,22940.0,22976.0,618.0,544.0,5883.0,4698.0,147461.0,124404.0,22642.0,22836.0,621.0,545.0,5871.0,4718.0,108713,32173,41725,4983,0,101811,17619,29193,9407,0,51722,28664,35378,2954,0,64670,16149,26914,5973,0,33700.0,40103.0,7842.0,9344.0,177.0,234.0,1651.0,2299.0,28787.0,37901.0,6458.0,8619.0,233.0,224.0,1594.0,2208.0,23196.0,12857.0,1326.0,682.0,185.0,165.0,1494.0,790.0,20641.0,12129.0,1148.0,639.0,170.0,109.0,1288.0,735.0,29915.0,22607.0,2593.0,1969.0,124.0,116.0,1404.0,1120.0,25540.0,21203.0,2246.0,1773.0,112.0,105.0,1187.0,1029.0,2001.0,3504.0,399.0,1012.0,6.0,14.0,152.0,139.0,1803.0,3343.0,310.0,911.0,12.0,10.0,144.0,126.0,0.0,0.0,0.0,0.0,0.0,0.0,0.0,0.0,0.0,0.0,0.0,0.0,0.0,0.0,0.0,0.0,240,2178,11513,972,0,0,256,4134,20223,1620,0,0,0,0,0,0,0,0.0,0.0,0.0,0.0,0.0,0.0,0.0,0.0,0.0,0.0,0.0,0.0,0.0,0.0,0.0,149,12887,792,1075,0,0,250,22706,1633,1644,0,0
8,2012-13,RAJASTHAN,342239,68621.01,19.26,21.44,926,17.8,13.5,67.06,80.51,52.66,RAJASTHAN,33,257,13420,9672,24357,6294,3577,8936,4441,22,1084,3,3616,2770,6740,4051,13,719,1,2678,807,2196,390,9,365,2,1355468,858024,558361,348350,1935,430714,304,3553898,691999,573153,431993,314902,951,231547,210,2245493,663469,284871,126368,33448,984,199167,94,1308405,26286,21382,24751,15311,141,11082,22,99028,14074,15450,18247,13771,62,6345,4,67995,12212,5932,6504,1540,79,4737,18,31033,39,20,290,67,1,4,0,421,12,22,20,10,0,8,0,72,6290,3577,8936,4440,22,1084,3,24352,99.71,98.26,99.36,98.32,100.0,97.18,100.0,99.0,0,193,41,183,32,2,102,0,553,6249,3520,8814,4291,22,1076,3,23975,5743,3437,7386,3827,20,1065,2,21480,1399,1762,2871,2452.0,10.0,668.0,1.0,9163,772,863,1378,1239.0,7.0,343.0,1.0,4603,5150,3306,6796,3955,14,1001,1,20223,2111,1689,1396,716,7,678,0,6597,6021,3436,8398,4130,22,1040,3,23050,54,36,71,16,1,18,0,196,0,0,0,0,0,0,0,0,5657,2825,7140,2877,20,824,2,19345,272,229,262,153,0,105,0,1021,97,80,80,27,0,44,0,328,2238,1090,1736,646,7,389,1,6107,1128,678,533,356,2,315,0,3012,1430,2372,3340,3244,10,858,0,11254,762,2154,2320,2919,6,746,0,8907,888,2161,2572,2957,7,759,0,9344,589,48,1059,62,1,19,0,1778,28652,16458,16029,8577,88,8829,12,78752,8320,5382,6625,3099,51,2680,10,26177,503552,385195,221264,161765,728,154873,162,1427928,708694,565174,640859,455220,680315,469043,357330,236487,447466,267178,1374,2583,17724,10551,25933,19022,2096,927,7901,2847,3460,2247,1858,1013,1698,997,482,249,701,362,1812,1844,1799,2914,740,515,2112,229,1275,402842,164162,196438,72292,304251,130230,147842,57389,1100210,441951,648763,243046,107939,39866,48982,17810,44212,1113,4909,25398,675,2312,189580,148649,8365,5594,0,0,252221,199684,125872,88195,0,0,152508,123529,186974,133641,166026,115410,66710,55048,149168,107399,211250,142059,46951,37396,170191,119902,302465,210887,179709,123002,93336,55407,86674,54359,134239,77893,106386,71856,93336,55407,90769,58668,218972,128232,97557.0,75031.0,81743.0,53014.0,63230.0,46665.0,244900.0,159889.0,73160.0,54163.0,51295.0,32128.0,35085.0,23092.0,168418.0,107174.0,144115,67627,26939,284,1357,119637,27450,12453,134,941,191974,78754,31136,406,1781,142529,27861,12745,175,1176,29669.0,29619.0,34200.0,22235.0,30295.0,20250.0,95120.0,67764.0,25447.0,26304.0,28429.0,19618.0,23816.0,17599.0,80864.0,60463.0,23486.0,9388.0,10734.0,3341.0,7417.0,2429.0,41573.0,14354.0,16262.0,7531.0,7292.0,2707.0,4860.0,2132.0,31101.0,12247.0,20270.0,10876.0,4941.0,1338.0,1870.0,825.0,22914.0,5900.0,15799.0,9485.0,3853.0,1331.0,1600.0,959.0,17026.0,5109.0,251.0,148.0,53.0,24.0,96.0,61.0,209.0,103.0,214.0,160.0,41.0,23.0,19.0,16.0,161.0,94.0,346.0,317.0,290.0,172.0,191.0,285.0,783.0,635.0,284.0,267.0,210.0,125.0,291.0,106.0,723.0,315.0,6887,30997,32800,509,53,0,3168,9794,12385,275,14,0,0,0,0,0,0,171.0,741.0,680.0,12.0,1.0,0.0,98.0,205.0,234.0,4.0,0.0,0.0,0.0,0.0,0.0,2480,59583,4158,1384,516,4730,1221,19940,1694,499,175,2648
9,2012-13,UTTAR PRADESH,240928,199581.48,17.31,20.09,908,20.7,0.6,69.72,79.24,59.26,UTTAR PRADESH,75,981,12790,6250,22197,2491,7198,870,1847,3676,6094,18,1599,6041,584,1637,3132,5341,14,887,1137,272,205,501,735,4,1057898,4509312,139475,383360,664872,3036861,6835,9862889,689906,3757685,108589,355232,588963,2694316,4522,8251505,365236,741190,30747,27189,68034,330152,2313,1575528,16537,52759,3589,6104,11492,22551,117,338706,8494,39515,1989,5280,9571,17395,97,276473,8017,13128,1598,814,1814,5097,20,61864,4,2,1,2,27,34,0,70,122,431,76,228,791,646,1,2295,2394,7109,793,1824,3537,6040,18,21718,98.93,98.5,98.8,98.5,93.11,98.59,100.0,95.61,0,772,2174,243,566,1303,2325,9,7392,2410,7150,798,1837,3492,6053,18,21761,1971,5793,596,1309,2470,5190,14,17343,903,3067,285,772.0,1697.0,3001.0,12.0,9737,848,2784,270,712.0,1489.0,2834.0,12.0,8949,2054,5759,673,1348,2461,5436,17,17751,651,1861,171,500,1233,2019,9,6444,2272,6862,753,1735,3290,5978,18,20911,362,879,95,159,460,658,1,2614,221,486,55,115,194,494,1,1566,2217,6353,756,1618,2832,4439,15,18231,149,340,33,113,275,1529,0,2439,119,272,26,103,279,1478,1,2278,700,1369,206,331,626,1090,3,4325,763,2928,145,327,485,1013,5,5666,260,1198,76,274,924,1136,4,3872,135,610,38,113,257,267,0,1420,190,894,49,159,299,287,1,1879,267,736,169,445,1598,639,2,3856,17607,60943,3353,9182,20505,52830,252,166795,5476,8666,772,1088,3012,5886,27,119510,547023,2016804,61563,168732,287130,1432969,2725,4548018,1677937,1721056,1463995,1292378,1526593,1280813,1256519,1089829,1067764,884998,25629,24975,37577,29572,47986,34294,32391,24307,33070,22523,10815,7908,59355,216176,268,184,223,137,193,103,3354,3276,3191,2999,1306,1076,1516,686,1709,1259698,580919,921657,423227,45357,21013,29301,13257,2713895,1255712,2090428,963234,181403,92931,127724,69143,93581,865,7968,57046,1039,5048,440788,437992,230268,201799,0,0,767377,774465,350022,308145,0,0,365526,388713,479829,419815,511853,419658,73431,82893,261016,229450,550677,452258,30326,36309,135323,126001,455868,399739,828159,710105,340706,279977,255982,228888,371529,311652,439559,375984,340706,279977,158071,142393,339237,279754,209811.0,171476.0,164899.0,135577.0,7190.0,6329.0,417706.0,336917.0,177875.0,155171.0,139823.0,115423.0,5690.0,5253.0,345509.0,300854.0,207311,268425,20112,8215,10198,329981,92618,8777,7322,1999,166463,227149,17521,6877,8387,268154,72264,7791,6557,1493,44284.0,81572.0,37672.0,60144.0,2736.0,3706.0,88246.0,158595.0,38443.0,74672.0,32219.0,54359.0,2063.0,4007.0,77001.0,148010.0,84470.0,29607.0,50762.0,15773.0,2167.0,1325.0,148947.0,40200.0,70285.0,25059.0,39196.0,12125.0,1994.0,1599.0,115907.0,33304.0,11040.0,5487.0,3911.0,1336.0,291.0,183.0,10486.0,3114.0,9743.0,4941.0,3875.0,1290.0,266.0,231.0,9751.0,2925.0,3720.0,3539.0,2483.0,2097.0,46.0,34.0,6540.0,5668.0,3574.0,3204.0,2289.0,1909.0,111.0,66.0,5974.0,5268.0,2858.0,810.0,1785.0,473.0,78.0,18.0,5927.0,1468.0,2762.0,1130.0,1527.0,527.0,181.0,8.0,5237.0,1078.0,44321,54608,90324,2050,229,0,19964,29255,40286,1169,136,0,4532,21,116,1,0,7523.0,10526.0,4841.0,100.0,3.0,0.0,10500.0,12248.0,5816.0,131.0,5.0,0.0,1.0,0.0,0.0,55555,84268,3628,7539,1293,62242,33716,39812,1938,4861,751,38432
10,2012-13,BIHAR,94163,103804.64,8.36,25.07,916,15.9,1.3,63.82,73.39,53.33,BIHAR,38,536,4143,2241,5819,391,96,1157,275,1864,1861,175,305,55,1095,192,1634,1468,122,86,41,62,83,230,393,53,97772,40336,124225,48896,937190,1533521,249065,3031005,63219,18063,113806,35435,808703,1133579,183674,2356479,34553,22273,10419,13461,128487,399942,65391,674526,1243,529,1620,879,9519,12336,1915,55083,766,234,1400,592,8268,8825,1328,46451,477,295,220,287,1251,3511,587,8632,0,0,16,4,6,1,0,27,21,5,10,9,55,68,0,168,382,93,1151,275,1849,1856,167,5773,77.07,84.78,88.35,61.28,63.54,81.28,77.27,72.92,0,42,12,120,14,113,96,35,432,384,94,1144,272,1836,1836,171,5737,162,60,187,94,538,667,104,1812,58,17,164,41.0,585.0,559.0,58.0,1482,44,14,134,27.0,414.0,405.0,37.0,1075,234,83,799,225,1662,1752,159,4914,83,25,69,28,483,471,85,1244,312,83,897,218,1461,1604,144,4719,19,4,18,6,55,118,6,226,43,14,16,5,15,67,66,226,162,37,378,94,643,676,102,2092,49,18,25,13,72,125,18,320,23,15,9,3,20,20,4,94,86,33,70,22,149,193,44,597,74,43,59,33,378,491,40,1118,111,47,190,141,1245,1390,65,3189,44,27,58,64,405,422,22,1042,54,17,63,40,425,486,14,1099,26,3,29,4,8,4,0,74,2361,847,1485,1052,11259,17377,1882,36443,196,168,361,186,1597,2263,292,13977,45431,18156,62754,28131,449739,723803,103539,1431553,723318,732870,669314,626061,599685,532795,178448,153828,152005,118869,9147,9124,28873,23085,28108,21366,4922,3410,4842,2932,5437,4256,1852,1252,1452,922,141,93,74,65,322,321,310,466,154,106,119,85,94,331232,148970,69377,29780,38895,18099,10052,4473,1497447,713061,340374,152788,228438,118517,58946,28738,21951,773,2619,9651,679,1569,75778,75479,102142,87404,0,0,526508,531944,235044,203519,0,0,98701,102395,205160,198614,231310,198239,18308,18789,75741,77676,227212,196487,4038,4211,36253,41095,127789,121118,114486,97487,48413,38072,34391,30900,50337,40025,62644,54618,48413,38072,25580,23135,48307,36671,109868.0,102823.0,60332.0,44319.0,5999.0,6295.0,275253.0,227240.0,84266.0,76454.0,41255.0,25872.0,4431.0,4020.0,201576.0,159661.0,15758,18316,4543,96,40,25389,8488,1396,64,36,14017,15485,4389,86,69,19977,6115,1135,58,89,8687.0,13553.0,3905.0,4164.0,533.0,574.0,14569.0,19194.0,7519.0,11396.0,3698.0,3457.0,350.0,381.0,12821.0,17307.0,13923.0,6045.0,3966.0,1615.0,384.0,551.0,18507.0,7981.0,11059.0,4984.0,3824.0,1571.0,351.0,427.0,16411.0,7845.0,3241.0,1192.0,915.0,291.0,97.0,28.0,3157.0,1099.0,2665.0,921.0,765.0,270.0,65.0,23.0,2559.0,923.0,186.0,93.0,59.0,21.0,2.0,3.0,201.0,114.0,154.0,60.0,50.0,17.0,2.0,2.0,182.0,91.0,98.0,174.0,0.0,7.0,0.0,2.0,232.0,298.0,72.0,141.0,0.0,3.0,0.0,3.0,217.0,250.0,12299,10633,16716,1253,64,1,6365,3490,3641,391,29,0,11,7,4,3,0,49.0,27.0,34.0,4.0,1.0,0.0,33.0,18.0,9.0,0.0,1.0,0.0,0.0,0.0,0.0,5528,14861,1160,2327,416,16789,2073,4137,322,651,60,6734
11,2012-13,SIKKIM,7096,607.69,9.85,12.36,889,4.6,33.8,82.2,87.29,76.43,SIKKIM,4,29,174,108,195,67,7,121,0,0,0,0,53,6,109,0,0,0,0,14,1,12,0,0,0,0,23344,1443,8484,0,0,0,0,33271,16482,971,7232,0,0,0,0,24685,6862,472,1252,0,0,0,0,8586,949,55,583,0,0,0,0,1661,683,20,505,0,0,0,0,1278,266,35,78,0,0,0,0,383,0,0,2,0,0,0,0,2,0,0,0,0,0,0,0,0,67,7,121,0,0,0,0,195,100.0,100.0,98.55,0.0,0.0,0.0,0.0,99.4,0,0,1,1,0,0,0,0,2,67,7,118,0,0,0,0,192,64,7,106,0,0,0,0,177,2,0,5,0.0,0.0,0.0,0.0,7,2,0,3,0.0,0.0,0.0,0.0,5,59,4,67,0,0,0,0,130,25,1,10,0,0,0,0,36,37,3,48,0,0,0,0,88,0,2,3,0,0,0,0,5,45,3,50,0,0,0,0,98,65,6,109,0,0,0,0,180,3,2,5,0,0,0,0,10,5,3,6,0,0,0,0,14,39,3,60,0,0,0,0,102,16,3,8,0,0,0,0,27,44,2,101,0,0,0,0,147,33,2,84,0,0,0,0,119,38,3,86,0,0,0,0,127,1,2,1,0,0,0,0,4,604,33,264,0,0,0,0,901,448,37,278,0,0,0,0,792,12432,999,4467,0,0,0,0,17898,5976,6993,5261,5979,4158,4975,3343,3883,2611,3061,6,7,11,5,0,0,6,15,0,0,44,69,25,42,11,12,19,22,13,11,17,17,17,20,5,13,4,0,1,1273,700,702,358,7372,4137,4814,2663,8962,4797,5778,3117,164,81,84,40,416,24,86,283,15,77,417,530,1,2,0,0,2040,2250,211,234,0,0,986,1188,893,1028,189,217,814,1035,1042,1168,730,892,1720,1991,3114,3547,3239,3866,654,839,109,137,658,788,396,433,569,704,109,137,2031,2256,2106,2491,0.0,0.0,0.0,0.0,0.0,0.0,0.0,0.0,0.0,0.0,0.0,0.0,0.0,0.0,0.0,0.0,1098,629,427,344,61,1597,746,383,309,89,726,515,308,349,68,1065,544,242,387,89,0.0,0.0,0.0,0.0,0.0,0.0,0.0,0.0,0.0,0.0,0.0,0.0,0.0,0.0,0.0,0.0,0.0,0.0,0.0,0.0,0.0,0.0,0.0,0.0,0.0,0.0,0.0,0.0,0.0,0.0,0.0,0.0,0.0,0.0,0.0,0.0,0.0,0.0,0.0,0.0,0.0,0.0,0.0,0.0,0.0,0.0,0.0,0.0,0.0,0.0,0.0,0.0,0.0,0.0,0.0,0.0,0.0,0.0,0.0,0.0,0.0,0.0,0.0,0.0,0.0,0.0,0.0,0.0,0.0,0.0,0.0,0.0,0.0,0.0,0.0,0.0,0.0,0.0,0.0,0.0,38,382,398,23,0,0,42,351,336,14,0,0,0,0,0,0,0,3.0,13.0,12.0,0.0,0.0,0.0,9.0,13.0,27.0,0.0,0.0,0.0,0.0,0.0,0.0,16,371,32,51,4,395,25,352,21,38,2,354
12,2012-13,ARUNACHAL PRADESH,83743,1382.61,16.48,25.92,920,0.0,68.8,66.95,73.69,59.57,ARUNACHAL PRADESH,16,84,276,156,357,90,47,172,26,0,22,0,57,40,137,22,0,11,0,33,7,35,4,0,11,0,23790,19246,13933,1829,0,20179,0,79050,10304,14429,10626,1550,0,3911,0,40893,13486,4817,3307,279,0,16268,0,38157,601,458,435,68,0,511,0,2262,311,360,351,64,0,165,0,1383,290,98,84,4,0,346,0,879,1,0,11,1,0,0,0,13,0,0,0,0,0,4,0,4,88,46,172,26,0,22,0,354,98.0,94.87,92.03,84.21,0.0,100.0,0.0,94.85,0,6,0,8,0,0,0,0,14,88,45,163,26,0,18,0,340,82,40,140,23,0,17,0,302,4,2,10,5.0,0.0,3.0,0.0,24,1,0,5,1.0,0.0,2.0,0.0,9,53,27,72,16,0,11,0,179,12,6,6,3,0,5,0,32,72,45,121,16,0,15,0,269,0,0,2,0,0,0,0,2,7,11,6,2,0,5,0,31,73,34,112,19,0,12,0,250,22,20,48,9,0,10,0,109,20,19,52,12,0,9,0,112,42,17,61,7,0,6,0,133,22,9,20,4,0,3,0,58,52,42,111,8,0,15,0,228,32,16,45,6,0,7,0,106,37,21,67,9,0,9,0,143,3,1,8,13,0,3,0,28,498,336,401,66,0,267,0,1576,148,89,100,15,0,113,0,525,11407,9059,6465,841,0,9817,0,37594,15231,15083,13484,12002,11805,10947,8303,7661,7864,6984,30,22,279,166,89,40,258,315,182,137,479,578,97,89,91,52,18,20,23,20,29,29,31,35,17,6,12,2,3,146,57,99,41,35952,17377,23785,11492,252,101,94,51,210,101,136,57,792,58,242,350,38,96,2853,2621,775,476,0,0,7713,7399,1883,1766,0,0,2990,3236,5505,4869,2095,2014,1187,1242,3268,2826,5161,4749,488,585,1885,1928,4510,4170,4610,4151,1715,1286,2496,2341,2859,2546,2897,2736,1715,1286,1136,1119,3316,3178,2617.0,2019.0,121.0,73.0,7424.0,6898.0,35.0,29.0,2238.0,1791.0,117.0,71.0,6536.0,6116.0,36.0,32.0,5643,1230,287,0,15,5596,943,218,0,6,4950,1519,440,0,9,4630,1133,346,0,8,946.0,895.0,2.0,1.0,3434.0,3647.0,9.0,5.0,645.0,518.0,1.0,0.0,2528.0,2281.0,5.0,4.0,311.0,222.0,11.0,6.0,905.0,810.0,17.0,8.0,254.0,180.0,9.0,6.0,557.0,532.0,15.0,9.0,208.0,111.0,2.0,2.0,444.0,306.0,5.0,2.0,149.0,95.0,1.0,1.0,317.0,207.0,5.0,2.0,0.0,0.0,0.0,0.0,0.0,0.0,0.0,0.0,0.0,0.0,0.0,0.0,0.0,0.0,0.0,0.0,0.0,0.0,0.0,0.0,0.0,0.0,0.0,0.0,0.0,0.0,0.0,0.0,0.0,0.0,0.0,0.0,107,666,934,21,0,0,43,185,284,4,0,0,0,0,0,0,0,2.0,4.0,3.0,0.0,0.0,0.0,2.0,5.0,2.0,0.0,0.0,0.0,0.0,0.0,0.0,21,1161,36,53,19,447,4,317,12,21,3,168
13,2012-13,NAGALAND,16579,1980.6,17.31,-0.47,931,0.0,86.5,80.11,83.29,76.69,NAGALAND,11,47,401,67,716,87,27,299,201,74,0,28,23,18,155,184,69,0,16,64,9,144,16,5,0,12,29843,11228,22236,9623,2289,0,6899,82118,5422,3552,10188,8128,2078,0,4151,33519,24421,7676,12048,1495,211,0,2748,48599,549,474,532,492,64,0,185,2311,69,184,204,424,56,0,131,1081,480,290,328,68,8,0,54,1230,0,0,0,2,3,0,0,5,0,0,1,1,3,0,0,5,85,27,299,201,68,0,24,704,100.0,100.0,100.0,97.17,62.16,0.0,76.19,92.83,0,14,1,29,5,2,0,3,54,77,21,278,157,54,0,24,611,82,24,278,142,37,0,23,586,4,0,14,32.0,8.0,0.0,3.0,61,3,0,4,20.0,5.0,0.0,2.0,34,75,18,173,59,44,0,23,392,31,5,38,3,3,0,13,93,82,23,245,121,54,0,18,543,3,0,5,5,4,0,0,17,0,2,0,1,0,0,0,3,83,26,286,163,28,0,12,598,25,5,52,3,1,0,10,96,24,4,44,5,1,0,10,88,56,11,123,22,8,0,10,230,23,7,42,10,1,0,2,85,10,19,34,175,74,0,10,322,14,5,27,35,28,0,8,117,20,7,64,65,29,0,4,189,0,4,6,7,18,0,0,35,651,173,705,295,102,0,126,2067,289,244,234,170,29,0,97,1067,14929,5388,10553,4997,1217,0,3087,40171,20220,19784,15455,15545,11287,10963,8100,7030,7105,6633,820,780,767,716,305,300,300,155,160,147,228,281,958,1079,654,671,85,8,81,90,27,26,28,37,15,12,10,5,6,450,215,221,92,48058,24111,25982,12412,669,305,320,123,0,0,0,0,1273,62,203,467,15,41,933,1006,101,106,8,2,7842,7826,1256,1273,83,123,4237,4215,5004,5426,982,1051,6292,5876,4408,4224,3873,4017,917,861,4686,4516,6341,5770,3323,3199,485,541,2595,2133,2095,2148,2614,2522,438,492,2182,1698,4525,3944,562.0,415.0,79.0,63.0,5271.0,5100.0,108.0,81.0,442.0,322.0,60.0,43.0,4029.0,3628.0,58.0,39.0,3355,1130,484,0,0,3265,689,246,0,0,2348,955,359,0,0,2661,656,222,0,0,73.0,74.0,16.0,16.0,2124.0,2522.0,62.0,39.0,54.0,47.0,13.0,20.0,1580.0,1848.0,42.0,24.0,84.0,30.0,10.0,5.0,666.0,483.0,26.0,12.0,69.0,27.0,21.0,16.0,506.0,427.0,33.0,10.0,68.0,70.0,9.0,3.0,233.0,136.0,15.0,2.0,47.0,82.0,21.0,18.0,142.0,99.0,5.0,1.0,2.0,2.0,2.0,1.0,22.0,7.0,0.0,0.0,0.0,0.0,2.0,1.0,19.0,7.0,0.0,0.0,0.0,0.0,0.0,0.0,0.0,0.0,0.0,0.0,0.0,0.0,0.0,0.0,0.0,0.0,0.0,0.0,67,683,467,18,1,0,51,458,533,17,3,0,0,0,0,0,0,1.0,3.0,4.0,0.0,0.0,0.0,1.0,1.0,3.0,0.0,0.0,0.0,0.0,0.0,0.0,21,327,30,87,18,761,23,282,12,63,9,678
14,2012-13,MANIPUR,22327,2721.76,21.16,18.65,987,3.8,35.1,79.85,86.49,73.17,MANIPUR,9,35,595,204,1053,89,20,674,153,43,20,54,75,10,518,94,35,6,37,14,10,156,59,8,14,17,30844,7403,46824,7500,2480,11361,25060,131629,25387,4449,32990,5350,2158,3724,13204,87326,5457,2954,13834,2150,322,7637,11856,44303,827,329,2510,876,213,728,883,6505,704,118,1952,487,168,159,566,4267,123,211,558,389,45,569,317,2238,0,0,17,1,0,0,0,18,0,0,1,1,1,0,0,3,89,20,673,153,43,20,53,1051,100.0,100.0,98.43,97.14,88.37,100.0,100.0,98.02,0,1,0,5,0,1,3,8,18,86,20,627,144,34,20,53,984,79,19,494,115,20,20,51,798,5,0,43,7.0,0.0,1.0,2.0,58,3,0,31,3.0,0.0,0.0,0.0,37,72,17,427,114,24,19,50,723,35,10,89,8,1,5,29,177,70,18,414,101,22,19,47,691,1,0,4,0,1,1,2,9,12,6,14,0,0,9,22,63,85,18,554,122,18,16,42,855,18,10,106,0,2,2,16,154,19,7,105,1,2,3,17,154,52,17,308,92,14,12,35,530,24,12,131,16,1,8,16,208,23,11,185,101,20,15,19,374,12,9,115,65,8,15,16,240,15,12,116,57,8,12,14,234,2,1,21,0,0,1,8,33,533,178,1360,330,105,203,456,3182,312,153,1011,411,73,358,410,2792,15389,2963,23072,4237,1250,5794,11745,64535,24683,24140,19910,19684,17733,17724,14512,13435,14939,13692,272,216,146,161,146,162,117,116,194,195,156,102,36,29,30,20,8,4,5,9,89,90,90,79,42,27,37,7,44,2793,1425,2728,1094,28079,13879,18832,9468,13254,6682,9124,3985,5162,2429,2938,1368,1489,181,514,811,43,144,3027,3136,189,319,0,0,19731,19028,2394,2788,0,0,1440,1484,15668,15129,2348,2682,396,403,1162,1108,13976,13729,89,89,458,295,1376,1273,13149,12496,2184,2075,796,770,11264,10825,11359,10541,2184,2075,567,169,1491,792,5901.0,5717.0,472.0,516.0,5127.0,5266.0,2353.0,2062.0,5044.0,4429.0,373.0,381.0,4540.0,4443.0,1984.0,1664.0,2357,5000,270,8,0,2405,4943,179,2,0,2342,5377,245,0,0,2242,5175,239,0,0,717.0,1037.0,124.0,108.0,1225.0,1254.0,221.0,238.0,557.0,755.0,96.0,94.0,1029.0,1012.0,146.0,181.0,3977.0,3660.0,391.0,379.0,1737.0,1680.0,1457.0,1094.0,3222.0,2943.0,452.0,369.0,1470.0,1421.0,1190.0,883.0,140.0,171.0,9.0,17.0,99.0,62.0,17.0,12.0,101.0,136.0,3.0,20.0,56.0,38.0,11.0,19.0,0.0,0.0,0.0,0.0,6.0,0.0,0.0,0.0,0.0,0.0,0.0,0.0,6.0,0.0,0.0,0.0,0.0,0.0,0.0,0.0,0.0,0.0,0.0,0.0,0.0,0.0,0.0,0.0,0.0,0.0,0.0,0.0,108,1800,1635,138,1,0,69,1076,1528,75,1,0,0,0,0,0,0,3.0,22.0,6.0,0.0,0.0,0.0,3.0,13.0,27.0,0.0,0.0,0.0,0.0,0.0,0.0,49,1270,67,211,39,2077,31,1226,74,123,30,1308
15,2012-13,MIZORAM,21081,1091.01,40.42,22.78,975,0.1,94.4,91.58,93.72,89.4,MIZORAM,8,36,423,148,711,14,0,0,0,585,0,112,1,0,0,0,308,0,27,0,0,0,0,276,0,85,0,0,0,0,39485,0,20240,59725,0,0,0,0,14201,0,1940,16141,0,0,0,0,25284,0,18300,43584,0,0,0,0,4324,0,1354,5747,0,0,0,0,2119,0,203,2350,0,0,0,0,2205,0,1151,3397,0,0,0,0,1,0,0,1,0,0,0,0,1,0,0,1,0,0,0,0,582,0,112,694,0.0,0.0,0.0,0.0,99.32,0.0,100.0,99.43,0,0,0,0,0,63,0,11,74,0,0,0,0,517,0,100,617,0,0,0,0,488,0,105,593,0,0,0,0.0,108.0,0.0,6.0,114,0,0,0,0.0,81.0,0.0,3.0,84,0,0,0,0,176,0,19,195,0,0,0,0,7,0,2,9,0,0,0,0,265,0,65,330,0,0,0,0,3,0,0,3,0,0,0,0,0,0,0,0,0,0,0,0,234,0,68,302,0,0,0,0,106,0,33,139,0,0,0,0,104,0,31,135,0,0,0,0,242,0,63,305,0,0,0,0,35,0,10,45,0,0,0,0,282,0,0,282,0,0,0,0,288,0,3,291,0,0,0,0,319,0,15,334,0,0,0,0,115,0,24,139,0,0,0,0,1415,0,466,1885,0,0,0,0,1508,0,597,2141,0,0,0,0,19676,0,10029,29705,12446,11710,10962,10540,8847,9136,5232,5086,4979,4943,18,17,502,408,522,608,252,203,498,503,269,296,254,309,197,247,22,32,21,23,12,11,11,8,3,3,4,2,2,140,60,67,23,38913,19393,19826,9864,116,56,237,99,15,5,2,2,745,450,222,260,116,92,839,809,99,92,0,0,4087,3968,1326,1395,0,0,4643,4423,3611,3739,944,1076,2065,1867,3336,3228,2709,3015,817,660,2590,2086,5194,5045,1499,1620,601,528,1652,1601,972,1114,1066,1161,601,528,2081,1865,3406,3301,34.0,26.0,6.0,5.0,1195.0,1236.0,3.0,5.0,54.0,60.0,4.0,0.0,935.0,942.0,1.0,2.0,3527,1062,327,206,1,3625,933,256,141,1,3106,1001,243,191,1,3236,919,265,128,1,2.0,1.0,0.0,0.0,412.0,448.0,0.0,0.0,1.0,1.0,0.0,0.0,288.0,326.0,0.0,0.0,1.0,4.0,2.0,0.0,103.0,100.0,2.0,0.0,0.0,4.0,0.0,0.0,96.0,80.0,1.0,0.0,0.0,0.0,0.0,0.0,26.0,25.0,0.0,0.0,0.0,0.0,0.0,0.0,14.0,13.0,0.0,0.0,1.0,1.0,0.0,0.0,8.0,12.0,0.0,0.0,2.0,0.0,0.0,0.0,6.0,5.0,0.0,0.0,0.0,0.0,0.0,0.0,0.0,0.0,0.0,0.0,0.0,0.0,0.0,0.0,0.0,0.0,0.0,0.0,144,2042,1366,37,1,0,84,1072,955,7,1,0,0,0,0,0,0,4.0,10.0,1.0,1.0,0.0,0.0,7.0,13.0,1.0,1.0,0.0,0.0,0.0,0.0,0.0,31,1473,29,32,12,2029,17,764,19,21,6,1314
16,2012-13,TRIPURA,10486,3671.03,14.87,14.75,961,17.8,31.8,87.75,92.18,83.15,TRIPURA,8,46,591,320,943,308,66,563,6,0,0,0,231,44,506,4,0,0,0,77,22,57,2,0,0,0,107145,25758,51684,662,0,0,0,185338,74657,16741,46096,562,0,0,0,138145,32488,9017,5588,100,0,0,0,47193,5472,1245,2297,31,0,0,0,9076,3638,761,1992,18,0,0,0,6440,1834,484,305,13,0,0,0,2636,0,1,33,0,0,0,0,34,0,0,0,0,0,0,0,0,308,66,562,6,0,0,0,942,96.97,100.0,98.47,100.0,0.0,0.0,0.0,97.75,0,5,1,6,0,0,0,0,12,305,66,547,6,0,0,0,924,281,62,264,4,0,0,0,611,58,11,106,0.0,0.0,0.0,0.0,175,49,8,94,0.0,0.0,0.0,0.0,151,154,44,110,1,0,0,0,309,12,9,11,0,0,0,0,32,199,40,171,3,0,0,0,413,3,0,2,0,0,0,0,5,0,2,51,0,0,0,0,53,261,62,295,5,0,0,0,623,45,24,21,0,0,0,0,90,31,11,21,1,0,0,0,64,135,29,159,1,0,0,0,324,34,16,14,0,0,0,0,64,264,61,484,4,0,0,0,813,196,42,363,4,0,0,0,605,204,48,374,4,0,0,0,630,0,0,3,1,0,0,0,4,1770,457,927,12,0,0,0,3174,2039,374,513,12,0,0,0,2947,50623,10355,26197,370,0,0,0,87577,38158,36864,41313,39669,28319,26689,15538,11878,12591,9341,117,65,6087,6080,4596,4572,792,377,965,510,215,154,191,135,127,92,50,11,42,21,48,45,42,52,12,5,6,3,3,28411,14145,9971,4229,45726,21302,11112,4601,29392,14562,12541,5448,12528,6721,3682,1567,1506,213,346,819,111,179,1023,894,0,0,0,0,23558,23228,1214,968,0,0,9827,9093,21571,21092,915,733,2681,2606,12160,11242,14645,13923,1069,1043,6368,6367,12759,12033,7886,6076,521,271,5342,3985,5817,4604,7293,5745,521,271,2310,1817,6253,4466,3955.0,4037.0,3454.0,3034.0,4443.0,3971.0,4097.0,3922.0,3098.0,2860.0,2368.0,1849.0,2320.0,1637.0,3031.0,2609.0,11084,2706,1011,0,30,9368,1638,157,40,1,8629,2034,901,0,27,7187,1136,163,0,1,1507.0,1676.0,1557.0,1116.0,1479.0,1156.0,1746.0,1508.0,1168.0,1273.0,1082.0,806.0,931.0,739.0,1306.0,1079.0,793.0,490.0,308.0,144.0,212.0,128.0,466.0,243.0,668.0,497.0,258.0,130.0,190.0,112.0,400.0,227.0,329.0,67.0,130.0,17.0,131.0,41.0,222.0,48.0,283.0,59.0,103.0,21.0,95.0,24.0,190.0,25.0,0.0,0.0,0.0,0.0,0.0,0.0,0.0,0.0,0.0,0.0,0.0,0.0,0.0,0.0,0.0,0.0,0.0,0.0,0.0,0.0,0.0,0.0,0.0,0.0,0.0,0.0,0.0,0.0,0.0,0.0,0.0,0.0,24,2585,3456,46,1,0,14,815,2084,28,2,0,0,0,0,0,0,1.0,6.0,10.0,0.0,0.0,0.0,0.0,1.0,3.0,0.0,0.0,0.0,0.0,0.0,0.0,168,2150,51,1202,36,2522,105,1078,27,499,7,1231
17,2012-13,MEGHALAYA,22429,2964.01,15.32,27.82,986,0.6,86.1,75.48,77.17,73.78,MEGHALAYA,7,41,738,386,1136,21,52,71,116,771,65,40,10,23,45,81,669,50,36,11,29,26,35,102,15,4,6027,16823,4544,9456,45223,16465,4573,103111,1928,5732,2518,5957,37381,11883,3806,69205,4099,11091,2026,3499,7842,4582,767,33906,286,706,246,585,4023,821,251,6918,89,222,125,372,3436,653,223,5120,197,484,121,213,587,168,28,1798,0,0,2,1,10,0,0,13,0,0,0,0,33,1,0,34,21,50,71,115,756,65,39,1117,100.0,95.24,85.71,76.11,47.84,84.48,33.33,61.5,0,3,5,4,5,17,7,1,42,19,50,62,96,576,59,32,894,21,51,66,100,472,59,34,803,3,6,3,22.0,110.0,6.0,6.0,156,3,2,1,11.0,46.0,2.0,5.0,70,16,37,34,44,211,32,20,394,8,10,7,5,17,7,1,55,20,39,59,72,395,41,25,651,0,1,2,0,26,4,1,34,1,4,2,0,2,6,1,16,21,49,59,78,352,52,28,639,5,7,8,5,37,5,11,78,5,11,10,7,48,7,11,99,12,30,31,30,146,18,10,277,1,2,0,1,0,2,0,6,4,16,8,25,303,32,16,404,2,2,3,13,74,10,10,114,1,5,3,14,169,16,7,215,1,0,5,1,132,5,8,152,145,348,174,274,1720,381,107,3149,188,397,172,295,1761,326,154,3293,3173,9299,2206,5156,24648,9217,2719,56418,27075,30683,21101,24624,16333,19080,4841,6804,4418,5910,992,1140,1451,1565,912,1120,133,154,166,214,135,134,90,85,75,71,14,4,2,1,26,26,24,26,4,4,5,1,2,1339,653,314,182,71669,38983,18200,10859,762,377,240,139,2478,1186,753,277,1749,185,680,438,19,78,2298,2714,224,124,0,0,7158,8316,1765,2005,0,0,8694,9757,6870,8004,1283,1603,5064,5736,7047,8352,5547,6492,3867,4149,5195,6139,9503,10985,2084,3151,621,805,1631,2170,1448,2127,1492,2442,621,805,1126,1483,2349,2978,1088.0,1144.0,147.0,150.0,8258.0,9951.0,215.0,108.0,860.0,823.0,113.0,107.0,6141.0,7191.0,114.0,62.0,3415,904,433,0,0,5249,1014,456,0,0,3037,740,367,0,0,4477,832,362,0,0,164.0,209.0,13.0,108.0,1515.0,2492.0,19.0,24.0,115.0,186.0,9.0,170.0,1175.0,2041.0,12.0,75.0,135.0,106.0,15.0,46.0,379.0,482.0,14.0,12.0,126.0,84.0,11.0,7.0,295.0,426.0,14.0,10.0,122.0,134.0,1.0,3.0,198.0,200.0,2.0,6.0,96.0,118.0,1.0,3.0,152.0,147.0,2.0,6.0,0.0,0.0,0.0,0.0,0.0,0.0,0.0,0.0,0.0,0.0,0.0,0.0,0.0,0.0,0.0,0.0,0.0,0.0,0.0,0.0,0.0,0.0,0.0,0.0,0.0,0.0,0.0,0.0,0.0,0.0,0.0,0.0,201,2448,900,27,1,0,143,1924,1157,36,0,0,0,0,0,0,0,7.0,37.0,4.0,0.0,0.0,0.0,4.0,23.0,5.0,1.0,0.0,0.0,0.0,0.0,0.0,31,1028,46,148,16,2356,14,1216,46,150,22,1845
18,2012-13,ASSAM,78438,31169.27,11.03,16.93,954,7.2,12.4,73.18,78.81,67.27,ASSAM,27,145,5252,2608,7298,173,681,899,1244,3576,256,469,112,525,687,1011,3300,226,347,61,156,212,233,276,30,122,20342,250029,48141,163259,471985,73126,153361,1180270,10210,180582,34045,130967,437626,67163,106473,967093,10132,69447,14096,32292,34359,5963,46888,213177,1105,11530,4083,10799,33785,3340,6242,70884,558,8289,2999,8752,31191,3049,4054,58892,547,3241,1084,2047,2594,291,2188,11992,5,0,4,0,1,0,4,14,0,0,9,1,13,0,12,35,173,681,899,1244,3576,256,469,7298,90.2,86.7,84.93,78.91,64.16,68.63,0.0,73.37,0,8,12,50,18,31,4,31,154,164,659,814,1147,3112,228,448,6572,126,585,620,862,1358,173,391,4115,5,51,13,101.0,96.0,15.0,14.0,295,5,17,6,34.0,28.0,4.0,8.0,102,108,507,461,720,1744,164,388,4092,17,40,31,22,30,5,121,266,138,526,635,720,1430,169,377,3995,0,0,2,0,0,0,1,3,0,0,0,0,0,0,0,0,114,445,565,617,926,84,191,2942,13,25,41,5,10,3,56,153,13,19,28,4,10,1,95,170,65,164,267,233,449,37,155,1370,20,60,47,58,83,14,61,343,14,609,84,956,2002,225,205,4095,8,222,31,368,695,93,139,1556,9,136,50,258,560,54,83,1150,18,2,104,15,27,6,24,196,682,4066,2091,3478,11032,1443,1660,24452,479,3848,1870,3565,8870,772,2012,21416,9474,115141,21360,90341,257012,37238,74584,605158,277690,297752,239409,263456,173768,188084,86105,80989,75830,72629,2863,2994,18354,21677,7634,8696,1901,2019,2609,2801,2967,2290,1380,1130,980,816,86,79,42,58,86,86,86,140,54,32,41,13,15,86150,45507,26083,12301,152698,77388,57021,27422,251470,128845,81945,40739,192858,106357,56386,27052,9155,4378,6550,2574,798,1213,51657,54907,8686,10205,0,0,140340,147785,36687,38192,0,0,69949,77251,118324,126199,31194,33486,12998,14507,59206,69087,87005,92000,2710,3241,16506,19773,55569,62598,51764,49064,12659,12109,26297,23768,34960,33589,39091,37209,12659,12109,8044,8157,28211,26931,44466.0,45953.0,10376.0,10332.0,22346.0,21893.0,34037.0,35691.0,33561.0,32437.0,7207.0,6423.0,14974.0,13024.0,24533.0,24079.0,53031,7398,3753,1235,1130,55564,3673,1531,410,720,47047,5880,3169,549,831,49121,2788,1334,206,370,15793.0,17741.0,3875.0,4041.0,8853.0,9240.0,12306.0,13917.0,11221.0,12451.0,2802.0,2847.0,5522.0,5762.0,8623.0,9894.0,2068.0,674.0,395.0,175.0,638.0,288.0,1320.0,551.0,1588.0,571.0,335.0,144.0,518.0,246.0,1120.0,489.0,1335.0,579.0,304.0,108.0,519.0,179.0,1073.0,332.0,1095.0,518.0,226.0,79.0,381.0,127.0,845.0,308.0,218.0,88.0,47.0,30.0,59.0,12.0,231.0,65.0,179.0,56.0,36.0,16.0,55.0,13.0,189.0,54.0,463.0,194.0,7.0,11.0,36.0,12.0,58.0,40.0,296.0,123.0,7.0,10.0,36.0,11.0,51.0,35.0,2891,34952,10119,928,3,0,1325,13511,5744,423,0,0,0,0,0,0,0,17.0,430.0,118.0,10.0,0.0,0.0,6.0,253.0,150.0,4.0,0.0,0.0,0.0,0.0,0.0,181,5025,212,1866,316,41868,92,2627,129,929,146,17493
19,2012-13,WEST BENGAL,88752,91347.74,24.55,13.93,947,23.5,5.8,77.08,82.67,71.16,WEST BENGAL,20,469,7802,3146,9773,653,6751,141,2215,3,2,8,259,4998,95,1701,2,1,6,394,1753,46,513,1,1,2,111280,3391674,10539,371555,817,213,2877,3894017,39342,2554224,8491,314114,758,0,1802,2920607,71938,837450,2048,57295,59,213,1075,971969,5246,68967,577,11432,23,8,65,86738,1382,48773,377,9038,16,0,45,59810,3864,20194,200,2387,7,8,20,26864,0,8,2,17,0,0,0,27,5,0,0,0,0,0,0,5,653,6751,141,2215,3,2,8,9773,92.94,98.17,92.25,97.27,100.0,100.0,100.0,97.21,0,11,212,11,78,0,0,0,312,640,6726,140,2194,3,2,8,9713,593,6323,123,2034,2,2,7,9084,55,1306,15,457.0,0.0,0.0,0.0,1833,46,1118,12,426.0,0.0,0.0,0.0,1602,344,5094,73,1365,3,0,5,6884,86,946,17,17,0,0,1,1067,541,5004,108,1434,3,2,6,7098,6,23,3,9,0,0,0,41,59,844,1,6,0,0,3,913,301,2317,60,459,1,1,4,3143,30,711,9,119,0,0,0,869,16,157,8,25,0,0,0,206,154,1595,28,335,1,0,2,2115,70,634,7,110,0,0,1,822,35,1080,7,164,0,0,0,1286,21,912,9,202,0,0,0,1144,26,1021,11,241,0,0,0,1299,24,21,16,12,0,0,0,73,2235,36493,218,4544,7,6,55,43666,2786,23765,231,4129,10,2,14,31171,49249,1687182,5550,222691,490,96,1212,1969075,702270,784421,633053,709624,511050,561011,411215,372372,369624,326068,39662,42869,43675,50832,17977,19655,13066,10813,11395,9010,7088,6431,5297,4864,4245,3485,1584,1210,1284,955,476,475,501,661,74,98,533,51,109,652235,328837,364321,162937,126946,62964,66583,28460,283809,143644,177106,80494,590505,346620,294101,149769,21583,1780,2838,14217,1364,1884,244344,244312,1908,1771,0,0,248253,277484,221623,224421,0,0,131089,158652,221468,244582,182427,184091,49119,63472,119423,144833,184912,201920,29466,40496,68598,93950,143684,174892,285583,247434,128773,105966,79461,77949,126387,109082,144057,128597,128773,105966,46178,47013,114474,111035,228382.0,250251.0,119471.0,113097.0,22002.0,20006.0,49733.0,48627.0,205240.0,206987.0,98634.0,84098.0,16850.0,12925.0,42952.0,36353.0,310991,46839,27949,11584,7052,324140,23591,7442,3486,6492,281470,42451,24732,8644,6184,283956,20981,6973,2765,5525,113197.0,130467.0,73784.0,57342.0,11550.0,9118.0,29946.0,26452.0,88603.0,102666.0,49670.0,41578.0,8047.0,6400.0,21399.0,19286.0,31140.0,14550.0,7195.0,2479.0,845.0,453.0,4174.0,1581.0,26453.0,12774.0,5753.0,2152.0,764.0,346.0,3472.0,1379.0,21418.0,5561.0,3839.0,664.0,569.0,260.0,2087.0,500.0,17782.0,5087.0,3165.0,662.0,437.0,200.0,1793.0,408.0,6092.0,2130.0,2561.0,767.0,407.0,105.0,930.0,317.0,5030.0,1752.0,2286.0,701.0,344.0,110.0,824.0,266.0,467.0,375.0,79.0,35.0,28.0,30.0,44.0,48.0,346.0,341.0,42.0,24.0,8.0,8.0,37.0,33.0,962,21048,32509,959,0,0,601,10990,19078,420,0,0,1,0,0,0,0,11.0,41.0,36.0,0.0,0.0,0.0,14.0,41.0,24.0,3.0,0.0,0.0,0.0,0.0,0.0,263,38579,773,1130,182,14639,284,21036,427,597,114,8713
20,2012-13,JHARKHAND,79714,32966.24,18.18,22.34,947,12.1,26.2,67.63,78.45,56.21,JHARKHAND,24,260,2957,1748,4376,686,485,1622,593,581,186,223,411,382,1403,455,460,150,132,275,103,219,137,121,36,88,186739,141818,164005,164943,260041,172154,222856,1314870,75139,93357,139534,128042,201167,136853,120074,896379,111600,48461,24471,36318,58874,35301,101436,416562,4731,2740,3438,3007,2374,1382,1503,31778,1966,1828,2522,2122,1690,1015,937,22978,2765,912,916,885,684,367,547,8781,1,2,24,4,0,0,0,31,7,12,17,18,44,6,17,121,671,469,1613,583,579,186,214,4315,94.92,87.43,91.1,82.54,73.46,75.32,68.99,84.86,0,13,6,10,9,18,11,24,91,660,460,1567,554,559,181,205,4186,524,326,635,302,299,119,163,2368,24,25,136,29.0,50.0,27.0,50.0,341,13,13,97,21.0,28.0,16.0,31.0,219,553,401,1299,454,457,166,186,3516,59,25,42,19,36,15,74,270,543,339,850,386,406,144,184,2852,15,37,13,10,13,2,13,103,98,19,27,11,9,14,51,229,563,310,1057,428,390,126,145,3019,17,28,30,18,28,22,27,170,11,60,16,18,15,4,18,142,270,208,301,118,154,55,65,1171,159,47,71,52,32,16,37,414,110,196,498,153,324,125,40,1446,69,115,211,82,181,60,23,741,85,121,176,99,179,63,25,748,43,168,65,61,8,2,21,368,2912,1493,1934,1225,2903,1477,2199,14238,1807,1216,934,1004,634,304,355,9459,80424,76877,80440,86402,138128,58228,102119,623730,311788,309353,254459,237780,225953,209141,111777,92685,98951,84124,3025,3177,4926,4502,3869,3435,1995,1591,2450,1849,2368,2158,719,720,548,615,216,206,133,149,353,335,327,343,191,116,146,87,88,110066,52017,39380,17347,217643,106916,73221,37328,445125,217290,141367,62753,99129,51736,31905,13917,9422,188,484,4083,65,148,56865,51028,20842,16633,0,0,173726,174753,65572,58887,0,0,58283,58413,99043,92263,66307,59347,16455,17511,46816,46226,98785,88569,6028,7303,21625,23195,60441,60399,72637,58558,25962,22302,20056,16447,38282,31543,43325,36048,25962,22302,15230,14301,29984,26810,26512.0,22404.0,15884.0,13078.0,32277.0,30359.0,69560.0,62995.0,21693.0,18211.0,11658.0,8440.0,22100.0,18582.0,55817.0,45925.0,12983,11254,4375,637,0,15454,5557,3521,213,80,10255,8976,3305,896,9,11834,4534,2832,100,112,5093.0,5015.0,1253.0,1337.0,2690.0,3704.0,5384.0,6913.0,4829.0,4914.0,905.0,1096.0,2075.0,3230.0,3662.0,4877.0,11275.0,4237.0,1080.0,448.0,1514.0,958.0,4582.0,2542.0,8623.0,3563.0,1093.0,501.0,778.0,453.0,2733.0,1325.0,4538.0,2934.0,513.0,236.0,611.0,305.0,1695.0,804.0,3850.0,2535.0,466.0,213.0,424.0,191.0,1216.0,622.0,90.0,54.0,43.0,66.0,103.0,97.0,150.0,196.0,46.0,32.0,34.0,27.0,88.0,83.0,118.0,131.0,45.0,37.0,9.0,7.0,6.0,0.0,116.0,67.0,10.0,6.0,1.0,0.0,4.0,2.0,64.0,38.0,2165,7137,7244,552,6,0,1059,3199,3420,306,3,0,0,0,0,0,0,1084.0,3391.0,697.0,43.0,0.0,0.0,359.0,798.0,297.0,18.0,0.0,0.0,0.0,0.0,0.0,2522,8040,637,5261,303,5556,881,4528,258,1316,107,2369
21,2012-13,ODISHA,155707,41947.36,13.15,13.97,978,17.1,22.8,73.45,82.4,64.36,ODISHA,30,419,8176,4579,9351,97,37,1899,7265,53,0,0,31,30,1559,6638,47,0,0,66,7,340,627,6,0,0,26002,7633,150088,1024028,8022,0,0,1217557,4875,6201,109107,907428,7169,0,0,1036356,21127,1432,40981,116600,853,0,0,181201,1744,550,11001,51741,329,0,0,70549,555,436,7196,46186,295,0,0,59053,1189,114,3805,5555,34,0,0,11496,2,0,25,56,0,0,0,83,8,0,24,32,0,0,0,64,93,37,1892,7220,52,0,0,9294,89.29,100.0,81.03,81.4,88.68,0.0,0.0,81.58,0,6,2,5,11,0,0,0,24,97,37,1785,6634,50,0,0,8603,94,36,1030,4405,35,0,0,5600,12,4,264,1049.0,7.0,0.0,0.0,1336,10,3,196,715.0,5.0,0.0,0.0,929,76,32,1559,5966,42,0,0,7675,23,6,44,88,1,0,0,162,95,35,1530,5174,36,0,0,6870,1,1,39,66,0,0,0,107,15,11,26,114,2,0,0,168,65,23,809,2616,22,0,0,3535,5,12,108,284,1,0,0,410,3,12,92,191,0,0,0,298,64,27,447,1765,15,0,0,2318,39,16,69,115,3,0,0,242,11,14,1401,5538,44,0,0,7008,4,2,76,726,7,0,0,815,5,5,267,2174,10,0,0,2461,3,4,41,86,1,0,0,135,295,118,1655,9662,84,0,0,12045,1107,178,4660,12438,59,0,0,20756,11627,3110,72162,513003,4145,0,0,604956,335307,321652,328405,316468,275574,281767,4634,3517,3988,3204,6164,5652,13672,12410,4629,4469,29,11,45,19,5184,3882,2994,2568,2031,1873,7,2,7,0,58,61,62,66,35,23,20,13,11,225422,113269,1490,517,215424,104641,2666,1113,541571,272365,1303,531,21558,11677,361,157,7303,1715,2701,231,49,46,183962,174990,8345,9394,0,0,109906,107077,8492,32398,0,0,30906,29514,260528,224946,134458,136805,7956,7614,36968,36626,102103,104760,2269,2176,14078,13236,39026,40245,4408,3397,2869,2413,200,106,949,690,1007,625,2869,2413,26,14,170,101,31124.0,30587.0,30430.0,31758.0,27166.0,27189.0,88568.0,91256.0,24820.0,24057.0,20448.0,18474.0,18438.0,17100.0,66531.0,64012.0,285,846,228,151,150,224,677,137,126,113,280,663,180,153,91,223,503,138,130,31,33.0,39.0,47.0,18.0,90.0,42.0,35.0,24.0,20.0,43.0,33.0,24.0,63.0,28.0,39.0,28.0,477.0,405.0,98.0,42.0,222.0,157.0,76.0,49.0,393.0,345.0,133.0,57.0,206.0,147.0,73.0,49.0,194.0,171.0,34.0,14.0,45.0,29.0,7.0,8.0,129.0,120.0,48.0,33.0,42.0,26.0,7.0,8.0,3.0,4.0,3.0,3.0,4.0,2.0,2.0,1.0,3.0,2.0,3.0,2.0,4.0,2.0,2.0,1.0,73.0,62.0,0.0,1.0,0.0,1.0,0.0,0.0,0.0,0.0,0.0,0.0,0.0,0.0,0.0,0.0,7887,32331,8056,621,15,0,3261,11958,4480,302,10,0,0,0,0,0,0,203.0,537.0,124.0,19.0,0.0,0.0,118.0,449.0,167.0,11.0,0.0,0.0,0.0,0.0,0.0,1502,30911,2301,6301,154,8624,803,12026,1045,1987,90,4805
22,2012-13,CHHATTISGARH,135191,25540.2,16.39,22.59,991,12.8,30.6,71.04,81.45,60.59,CHHATTISGARH,27,146,4204,2171,6043,986,257,248,28,2211,2265,48,342,154,92,20,2075,1794,42,644,102,155,8,131,471,6,166314,53236,12386,2487,213581,850813,2776,1337049,48801,31202,5001,1930,198483,618916,2191,920315,117513,22034,7331,557,14702,231897,585,416284,4405,1195,754,84,6141,19836,104,40755,1326,722,260,44,5709,14886,95,29688,3079,473,484,40,429,4950,9,11053,2,0,3,0,10,2,0,17,3,3,0,0,232,21,2,261,975,249,248,27,1802,2158,42,5501,95.51,94.12,95.89,64.0,58.17,81.2,40.54,75.02,0,51,12,5,6,344,438,4,860,978,250,247,26,1966,2183,47,5697,944,227,231,18,628,1867,19,3934,135,46,35,9.0,596.0,853.0,8.0,1682,86,25,26,8.0,332.0,474.0,6.0,957,815,197,201,26,1902,2074,36,5251,184,38,37,4,121,228,3,615,881,207,220,21,1352,1728,39,4448,32,6,7,1,19,12,0,77,279,82,39,3,448,1224,10,2085,840,165,194,13,554,941,9,2716,55,32,11,1,128,489,7,723,41,17,9,1,70,281,3,422,363,78,63,4,132,424,3,1067,187,31,38,2,50,123,2,433,261,101,88,20,2106,2075,29,4680,224,82,57,16,1687,1912,17,3995,278,88,72,19,1856,2013,22,4348,122,41,31,4,739,178,11,1126,4777,1162,488,80,3424,16545,140,27580,2375,488,434,33,2493,7879,29,16803,72038,23818,5202,1013,112795,425920,1492,657160,276865,272014,233460,227768,208443,214622,117780,113593,120206,101177,2518,2278,18395,15061,26346,27353,2275,1611,11993,6426,2569,2420,1255,1072,1024,951,433,336,476,321,357,354,327,338,139,94,89,38,56,134920,67490,65780,30400,241876,122187,108164,51464,434171,217601,224966,106857,14872,7717,7284,4055,12339,518,1340,10607,1256,1321,25624,25098,3259,3017,0,0,113640,113191,26076,27202,0,0,85725,85564,79971,77888,21234,22088,33823,32240,65968,64776,67054,67836,17985,15946,57233,54408,119296,124203,49499,48324,11998,10441,35489,35103,38109,33014,38022,36900,11998,10441,32163,29706,69433,57011,13362.0,12925.0,22179.0,24610.0,39691.0,42917.0,73095.0,76010.0,10288.0,10122.0,11895.0,11921.0,21545.0,21355.0,44126.0,45414.0,13127,21835,9532,502,2071,17552,17930,7065,209,1125,11880,25880,8619,373,1919,14216,17613,6118,112,980,841.0,890.0,1193.0,1374.0,2761.0,3290.0,3435.0,3675.0,705.0,746.0,904.0,784.0,2155.0,2590.0,2667.0,2890.0,3474.0,2723.0,2559.0,1691.0,4051.0,3203.0,8609.0,5931.0,2697.0,2161.0,1766.0,1271.0,2879.0,2563.0,6561.0,4753.0,1939.0,1980.0,550.0,380.0,1143.0,547.0,2581.0,1705.0,1466.0,1577.0,402.0,320.0,753.0,417.0,1938.0,1365.0,6.0,16.0,33.0,29.0,71.0,32.0,157.0,80.0,4.0,17.0,33.0,30.0,49.0,88.0,111.0,71.0,154.0,96.0,204.0,74.0,576.0,375.0,450.0,191.0,115.0,76.0,180.0,67.0,477.0,327.0,393.0,167.0,1623,3172,16583,327,50,0,1020,2181,11904,296,25,0,3,2,13,0,0,472.0,502.0,1167.0,37.0,1.0,0.0,305.0,301.0,749.0,22.0,0.0,0.0,0.0,0.0,0.0,3932,9500,943,586,233,8740,1401,7644,641,362,99,6656
23,2012-13,MADHYA PRADESH,308245,72597.57,21.99,20.3,930,15.6,21.1,70.63,80.53,60.02,MADHYA PRADESH,50,319,7824,3107,13042,3645,264,1082,64,4707,3271,9,1104,103,393,33,4219,2155,6,2541,161,689,31,488,1116,3,662537,61378,85306,5145,755917,1491619,926,3083241,185346,18402,30130,2705,687390,924834,683,1854284,477191,42976,55176,2440,68527,566785,243,1228957,4874,515,1260,71,11525,19149,31,56004,1496,181,433,28,10247,11656,24,37075,3378,334,827,43,1278,7493,7,18929,7,0,14,1,51,10,0,83,81,14,22,1,485,133,0,736,3643,262,1082,64,4259,3197,9,12516,98.05,97.98,97.1,96.55,75.93,89.07,100.0,86.89,0,53,2,16,0,49,24,0,144,3636,263,1079,63,4302,3149,8,12500,3351,233,981,48,1784,2114,6,8517,1227,80,391,23.0,2251.0,1748.0,5.0,5725,861,52,290,12.0,1192.0,1011.0,3.0,3421,2485,164,719,41,237,180,2,3828,934,56,314,16,673,641,2,2636,3362,243,988,56,3061,2497,7,10214,67,1,14,0,10,6,0,98,83,11,15,0,90,177,2,378,2467,169,689,42,84,110,0,3561,200,18,35,5,227,262,1,748,164,16,33,2,183,206,0,604,1628,130,382,13,458,917,1,3529,767,52,136,5,143,245,0,1348,278,36,60,5,2511,1604,3,4497,642,50,136,13,2878,2035,3,5757,676,64,142,14,2711,1834,3,5444,403,30,200,8,2463,515,5,3624,16661,1597,3541,185,14439,25416,58,63190,2452,206,521,37,4182,6061,12,20750,260552,20525,32255,2471,388442,706670,404,1420680,795912,798957,665287,611151,475734,411070,256975,202483,264565,195976,24794,25711,54752,50921,35340,32385,6018,5447,13203,8964,3943,3277,3184,2251,1800,1218,797,555,895,750,1381,1373,1279,1184,608,388,340,187,236,386271,180002,141192,57528,414605,204888,117247,50681,984002,456875,425123,182804,69597,35468,32625,16632,37686,858,3253,19397,480,1499,175426,174256,8507,7112,0,0,342778,339411,96831,79762,0,0,181819,186053,183946,163356,83333,67064,63807,66634,172061,164271,149124,124549,32092,32615,201199,193518,241642,217700,128343,94473,53315,36412,62487,54545,82483,59525,83214,62466,53315,36412,64899,52548,127808,98645,43616.0,38343.0,37909.0,31454.0,39753.0,36766.0,109932.0,97458.0,32447.0,28280.0,22161.0,17268.0,19577.0,16238.0,69009.0,59846.0,33746,59926,21449,1390,9224,42024,47154,16308,726,5953,35096,60461,22515,1179,9559,41017,39679,15931,831,6003,4162.0,6107.0,5563.0,5414.0,5846.0,5389.0,14472.0,18493.0,2902.0,4712.0,3904.0,3890.0,3594.0,3545.0,9958.0,13361.0,16875.0,12079.0,8994.0,5430.0,5895.0,3794.0,28344.0,18831.0,13192.0,9599.0,6718.0,4489.0,3797.0,3094.0,21613.0,14642.0,8111.0,7179.0,3424.0,2455.0,1755.0,1155.0,13443.0,8870.0,6307.0,6201.0,2741.0,2185.0,1380.0,1065.0,9966.0,7164.0,474.0,293.0,394.0,260.0,329.0,215.0,1045.0,539.0,376.0,228.0,321.0,229.0,257.0,165.0,793.0,417.0,1324.0,862.0,1524.0,817.0,1700.0,950.0,5055.0,3146.0,951.0,695.0,970.0,594.0,1132.0,741.0,3424.0,2095.0,2933,10437,21124,610,58,9,1881,5956,12336,486,30,1,0,0,0,0,0,17.0,27.0,37.0,2.0,0.0,0.0,10.0,26.0,22.0,0.0,2.0,0.0,0.0,0.0,0.0,10193,15897,925,746,537,6956,4203,9603,618,458,318,5550
24,2012-13,GUJARAT,196024,60383.63,31.35,19.17,918,6.7,14.8,79.31,87.23,70.73,GUJARAT,26,228,5215,3583,9909,1741,214,709,189,3814,2709,533,662,157,331,155,3157,1604,333,1076,57,378,32,657,1103,200,489893,89317,59034,18666,450397,1244286,83840,2440616,172767,56223,24883,15021,349734,664999,43968,1332051,317052,33094,34151,3645,100663,579287,39872,1108491,10050,2095,2083,642,14346,27776,2398,61523,4108,1431,900,546,11436,14415,1306,35364,5938,664,1183,96,2910,13361,1092,26155,5,0,40,2,82,5,14,148,1,3,2,2,89,11,17,125,1716,212,704,181,3696,2665,523,9697,98.31,98.74,99.51,96.27,95.61,98.3,97.01,97.5,0,133,23,48,21,518,706,114,1563,1719,213,709,184,3703,2690,520,9738,1703,211,705,182,3592,2620,509,9522,408,58,155,40.0,1410.0,1331.0,194.0,3596,270,39,98,24.0,804.0,950.0,135.0,2320,1376,164,552,121,2630,2255,365,7463,428,86,107,17,507,1148,111,2404,1666,200,678,159,3166,2531,497,8897,30,3,9,6,93,89,8,238,11,1,0,0,0,8,5,25,1481,171,601,117,2784,2375,419,7948,118,51,48,57,364,319,63,1020,64,41,27,76,204,214,43,669,1244,138,435,99,1248,1592,302,5058,627,104,218,69,1799,1561,190,4568,138,32,42,28,822,433,53,1548,92,20,34,7,256,211,34,654,120,44,44,16,768,386,62,1440,241,27,117,48,741,272,343,1789,9418,1568,1633,453,10146,21796,2034,47202,4127,495,930,193,3046,7729,734,18443,200902,35664,23500,9017,186542,530619,32747,1021202,572982,468158,472283,331517,429717,297653,264105,198942,253309,193090,5302,4082,5291,4972,5891,4750,2163,2173,2957,2452,6142,4163,2948,1741,2603,1656,1264,990,1337,975,1290,1302,1241,2287,488,433,307,247,144,124614,53884,69238,31114,217276,99794,130107,60734,680635,259373,354058,138635,86057,34274,40165,16880,30272,129,740,16497,38,267,247588,211268,1020,836,0,0,214198,178339,152312,118968,0,0,72729,55005,196835,138429,135856,104597,25414,16670,83145,52291,180781,125384,13186,7020,39107,21047,113140,67677,189092,151161,71942,58347,48203,32638,100885,78323,107287,81608,71942,58347,26738,15087,80449,56143,127903.0,92215.0,31284.0,22094.0,45480.0,39462.0,172608.0,97970.0,105610.0,78214.0,20977.0,15768.0,31506.0,28572.0,127559.0,77974.0,104454,58375,80440,1071,4096,87341,31290,62448,1423,3128,95509,55764,75653,1169,3745,82037,30187,58535,1462,3114,13030.0,17308.0,6955.0,6549.0,15508.0,16057.0,33480.0,25495.0,8607.0,12601.0,4509.0,4994.0,10373.0,11128.0,22401.0,20155.0,27519.0,14082.0,3415.0,1754.0,3462.0,2307.0,17011.0,6620.0,21487.0,11252.0,2139.0,1098.0,1881.0,1343.0,10684.0,4695.0,33765.0,29311.0,4459.0,2915.0,2332.0,1812.0,23828.0,15032.0,25241.0,24278.0,3236.0,2294.0,1657.0,1257.0,16936.0,12346.0,321.0,408.0,61.0,79.0,220.0,147.0,426.0,372.0,241.0,357.0,55.0,76.0,152.0,126.0,368.0,364.0,384.0,769.0,329.0,305.0,327.0,357.0,1414.0,814.0,279.0,637.0,246.0,240.0,238.0,322.0,1037.0,616.0,6492,16597,18575,561,30,0,2482,6286,9014,244,12,0,1,1,3,0,0,146.0,261.0,400.0,13.0,0.0,0.0,79.0,127.0,192.0,7.0,0.0,0.0,0.0,0.0,0.0,826,36265,2633,1806,930,615,781,15267,982,768,296,349
25,2012-13,DAMAN & DIU,112,242.91,23.61,53.54,618,2.5,6.3,87.07,91.48,79.59,DAMAN & DIU,2,2,22,7,41,7,11,5,4,7,6,1,3,8,1,4,3,3,0,3,3,4,0,4,3,1,1243,4146,687,189,709,2315,51,9340,663,1946,6,189,344,1362,0,4510,580,2200,681,0,365,953,51,4830,18,86,14,9,43,56,2,229,8,52,0,9,21,21,0,112,10,34,14,0,22,35,2,117,0,0,0,0,1,0,0,1,0,0,0,0,0,0,0,0,6,11,5,4,7,6,1,40,100.0,100.0,100.0,50.0,83.33,100.0,0.0,95.83,0,1,0,1,0,0,0,0,2,6,11,5,4,7,6,1,40,6,11,5,4,7,6,1,40,2,1,1,0.0,1.0,1.0,0.0,6,2,0,1,0.0,0.0,1.0,0.0,4,6,11,5,4,5,5,1,37,3,1,2,0,0,0,0,6,6,10,5,3,6,6,1,37,0,0,0,0,0,0,0,0,3,6,1,1,5,2,1,19,6,8,5,2,2,4,0,27,0,1,0,1,0,0,0,2,0,1,0,1,0,0,0,2,6,9,4,1,4,5,1,30,2,1,2,1,2,4,0,12,1,5,0,0,7,5,0,18,0,3,1,0,6,5,0,15,1,4,2,0,6,6,0,19,2,0,1,0,2,0,0,5,37,71,20,6,23,55,2,214,11,30,7,6,10,13,0,77,493,1982,261,97,310,1235,15,4393,1677,1404,1458,1250,1365,1362,1079,900,1045,881,0,0,11,0,0,0,0,0,0,0,8,10,1,1,4,2,1,2,2,1,7,9,7,17,1,0,1,0,0,311,140,269,120,708,313,509,230,3012,1532,2311,1114,428,195,240,104,140,0,0,70,8,0,367,360,1,1,0,0,779,784,460,390,0,0,326,184,617,550,347,391,114,48,219,211,588,588,78,33,151,96,426,381,802,660,141,107,171,177,554,452,658,495,141,107,109,65,329,295,343.0,271.0,88.0,64.0,167.0,175.0,804.0,781.0,325.0,258.0,81.0,55.0,118.0,115.0,704.0,724.0,343,310,401,17,0,397,207,290,9,0,282,281,434,20,0,389,213,255,20,0,3.0,4.0,6.0,12.0,24.0,42.0,85.0,199.0,1.0,4.0,3.0,10.0,7.0,27.0,35.0,174.0,47.0,31.0,6.0,4.0,3.0,6.0,87.0,36.0,34.0,25.0,5.0,1.0,0.0,2.0,37.0,17.0,27.0,26.0,16.0,14.0,58.0,12.0,132.0,65.0,20.0,24.0,9.0,8.0,18.0,9.0,88.0,54.0,4.0,3.0,2.0,0.0,1.0,1.0,19.0,10.0,4.0,3.0,2.0,1.0,0.0,1.0,19.0,10.0,0.0,0.0,0.0,0.0,0.0,0.0,0.0,0.0,0.0,0.0,0.0,0.0,0.0,0.0,0.0,0.0,11,43,90,5,0,0,3,23,50,0,0,0,0,0,0,0,0,1.0,0.0,2.0,0.0,0.0,0.0,0.0,1.0,0.0,0.0,0.0,0.0,0.0,0.0,0.0,5,117,8,4,12,6,3,69,3,1,1,0
26,2012-13,DADRA & NAGAR HAVELI,491,342.85,14.72,55.5,775,1.8,52.0,77.65,86.46,65.93,DADRA & NAGAR HAVELI,1,1,19,11,37,4,1,10,0,12,8,2,0,1,8,0,10,5,1,4,0,2,0,2,3,1,1962,136,604,0,4252,8069,1531,16554,0,136,567,0,3294,5438,439,9874,1962,0,37,0,958,2631,1092,6680,99,13,39,0,122,203,41,517,0,13,32,0,84,142,16,287,99,0,7,0,38,61,25,230,0,0,3,0,0,0,0,3,0,0,0,0,0,0,0,0,4,1,10,0,12,8,2,37,100.0,100.0,100.0,0.0,66.67,100.0,0.0,92.0,0,0,0,0,0,0,1,0,1,4,1,10,0,12,8,2,37,4,1,10,0,12,8,2,37,0,0,0,0.0,1.0,1.0,0.0,2,0,0,0,0.0,0.0,1.0,0.0,1,4,1,9,0,11,8,2,35,2,0,1,0,0,1,1,5,4,1,9,0,10,8,2,34,0,0,1,0,0,1,0,2,1,1,0,0,4,3,1,10,4,1,9,0,7,7,0,28,0,0,0,0,5,3,2,10,0,0,0,0,2,1,2,5,4,1,8,0,5,7,1,26,2,1,2,0,0,2,0,7,0,0,3,0,12,8,2,25,0,0,0,0,12,8,1,21,0,0,1,0,9,6,2,18,0,0,0,0,4,0,0,4,50,5,16,0,82,125,25,303,78,2,21,0,59,107,17,284,837,55,246,0,1888,3539,694,7259,3741,3204,3119,2469,2770,2241,1469,1123,1937,1426,85,65,2,0,3,2,21,2,0,0,16,12,6,5,7,5,3,2,10,2,4,4,4,5,0,0,0,0,0,278,145,210,100,7127,3145,3745,1532,144,72,66,30,331,131,176,64,203,0,0,90,0,10,1184,1237,0,0,0,0,1475,1230,745,696,0,0,658,477,1216,1001,615,653,287,186,739,507,1030,867,137,74,419,265,1125,721,700,713,151,170,361,216,638,584,562,550,151,170,408,194,1148,672,798.0,577.0,71.0,67.0,1769.0,1255.0,39.0,20.0,562.0,423.0,39.0,42.0,502.0,430.0,28.0,16.0,526,296,629,0,0,428,211,461,0,0,1060,286,562,0,0,820,199,375,0,0,15.0,16.0,6.0,11.0,349.0,301.0,1.0,5.0,7.0,14.0,4.0,10.0,219.0,182.0,1.0,4.0,159.0,92.0,13.0,10.0,98.0,50.0,12.0,14.0,106.0,68.0,6.0,4.0,36.0,28.0,10.0,13.0,155.0,171.0,8.0,14.0,83.0,38.0,0.0,1.0,117.0,138.0,14.0,3.0,48.0,28.0,0.0,1.0,0.0,0.0,0.0,0.0,0.0,0.0,0.0,0.0,0.0,0.0,0.0,0.0,0.0,0.0,0.0,0.0,0.0,0.0,0.0,0.0,0.0,0.0,0.0,0.0,0.0,0.0,0.0,0.0,0.0,0.0,0.0,0.0,15,115,100,3,0,0,5,138,133,8,0,0,0,0,0,0,0,0.0,0.0,0.0,0.0,0.0,0.0,0.0,0.0,0.0,0.0,0.0,0.0,0.0,0.0,0.0,3,206,2,5,6,11,3,244,5,7,2,23
27,2012-13,MAHARASHTRA,307713,112372.97,36.58,15.99,925,11.8,9.4,82.91,89.82,75.48,MAHARASHTRA,35,406,13075,5308,23426,756,4967,1755,7555,5954,943,1496,535,3463,1078,4877,3749,601,725,221,1504,676,2678,2205,342,771,178163,2491096,111232,1228115,559630,240052,815947,5625300,106741,1400530,64975,607015,297699,126358,188132,2792095,71422,1090566,46189,621100,261931,113694,627815,2833137,5879,60473,5640,41386,24274,6897,17710,165132,3177,35162,3057,20862,14887,3836,4962,87395,2702,25311,2578,20524,9387,3061,12748,77732,4,5,113,30,119,2,4,277,1,1,0,4,36,1,24,67,751,4948,1744,7534,5935,939,1481,23332,99.28,98.37,99.57,98.09,97.82,99.33,96.63,98.15,0,43,143,89,168,115,27,344,929,754,4962,1743,7536,5925,941,1482,23343,734,4835,1725,7105,5222,885,1413,21919,189,1376,449,2016.0,1416.0,205.0,536.0,6187,127,802,295,1153.0,837.0,121.0,319.0,3654,689,4639,1535,6817,5127,860,1316,20983,242,1181,307,676,394,93,780,3673,660,4063,1466,5402,4028,738,1257,17614,11,46,57,44,36,8,47,249,46,356,62,328,227,95,64,1178,664,4409,1515,6290,4780,824,1364,19846,164,372,329,318,292,136,159,1770,153,151,316,153,227,120,163,1283,428,1749,860,2376,1952,393,918,8676,312,2205,528,1978,1388,278,559,7248,266,2576,486,3852,2671,408,321,10580,95,858,180,1145,664,114,195,3251,257,2231,518,3519,2477,367,490,9859,43,39,254,239,857,65,554,2051,4028,35255,3328,22125,12969,4805,11813,94503,2832,17257,2902,14889,8391,2272,6411,56477,77807,1169664,46277,583740,255337,102122,358204,2593602,1024186,882007,1002190,828108,852855,737645,625122,548612,551531,479237,3461,3000,9477,6625,6415,4521,7680,5334,11670,6283,13859,10356,11233,8473,8321,6445,1573,1295,1559,1260,2566,2569,2480,3093,1061,872,789,262,284,482337,222445,280170,131040,281149,125756,145062,62938,1231791,563032,784822,366417,355120,174075,153355,79576,58636,1097,3108,30373,279,900,151123,140635,700,652,0,0,444472,395267,131607,119271,0,0,300705,249874,400943,348057,117479,111141,91284,70574,319236,254836,346052,312595,36438,25572,149456,105050,389015,313676,304596,293425,70303,73189,199929,166487,199594,190144,226844,214750,70303,73189,119181,87868,280485,214868,257295.0,222719.0,86740.0,76785.0,47317.0,38540.0,236814.0,203513.0,220276.0,197580.0,64611.0,58317.0,33677.0,27782.0,189149.0,168401.0,188472,206838,137175,31267,4729,208130,149023,125642,11598,3685,175515,180690,112352,25874,3901,183382,132301,105127,9360,3085,36947.0,41185.0,15983.0,15801.0,12143.0,9103.0,39333.0,42280.0,6974.0,8075.0,3197.0,3225.0,2386.0,2049.0,8700.0,10094.0,56040.0,42175.0,13620.0,10345.0,6235.0,3936.0,42880.0,29900.0,12273.0,9313.0,2814.0,2194.0,1410.0,1002.0,8623.0,6223.0,28360.0,28927.0,5854.0,5926.0,2233.0,1751.0,13847.0,14395.0,6449.0,6649.0,1255.0,1355.0,280.0,291.0,3245.0,3027.0,7943.0,2601.0,2795.0,1019.0,782.0,340.0,6411.0,1978.0,1693.0,425.0,520.0,192.0,90.0,50.0,1269.0,411.0,529.0,572.0,230.0,187.0,58.0,92.0,812.0,669.0,93.0,132.0,33.0,41.0,17.0,16.0,96.0,97.0,10218,54649,40147,996,83,0,5527,24956,23475,675,48,0,0,0,0,0,0,312.0,802.0,1407.0,39.0,2.0,0.0,140.0,558.0,1068.0,30.0,0.0,0.0,0.0,0.0,0.0,3833,94796,4651,1828,1710,1837,3318,48638,2541,758,630,592
28,2012-13,ANDHRA PRADESH,275045,84665.53,24.58,11.1,992,16.4,7.0,67.66,75.56,59.74,ANDHRA PRADESH,23,1128,9038,7322,25502,1098,16585,430,3267,9,1,4112,696,11113,283,2183,2,1,2569,402,5471,147,1083,7,0,1541,130581,1705278,28548,304971,837,271,1451376,3632384,81959,1095469,18485,198124,60,271,842769,2241875,48622,609809,10063,106793,777,0,607213,1388997,7174,107535,1701,18255,22,9,24148,166041,4285,74561,1273,13546,2,9,15990,113371,2889,32974,428,4709,20,0,8158,52670,11,327,21,84,0,0,13,456,16,80,1,21,0,0,92,210,1098,16539,430,3253,9,1,4087,25417,80.0,66.67,73.45,76.26,22.22,100.0,44.33,61.4,0,3,0,15,78,0,0,403,499,1088,15786,427,3120,9,1,3970,24401,1065,15816,403,3045,9,1,3779,24118,35,1342,38,360.0,0.0,0.0,373.0,2148,22,961,24,253.0,0.0,0.0,230.0,1490,917,14371,377,2910,9,1,3806,22391,98,452,59,206,0,0,1002,1817,972,13522,375,2557,8,1,3750,21185,17,41,16,55,0,0,133,262,8,16,1,2,0,0,100,127,722,8352,253,1636,1,0,1533,12497,129,488,95,168,6,1,1382,2269,136,427,71,169,6,1,1387,2197,428,4962,156,1055,4,1,1490,8096,199,2188,66,470,2,0,724,3649,97,5558,96,1112,0,0,394,7257,49,2685,58,534,2,0,340,3668,76,3395,89,796,2,0,502,4860,269,2568,154,842,1,0,1135,4969,1683,23781,788,6426,8,8,35387,68395,3605,42164,624,6269,14,9,5871,62539,74363,832346,14350,149381,386,271,687113,1762751,613001,601821,555426,541069,534171,513090,420602,376754,359434,331838,2114,2626,1996,2514,1819,2191,10496,8618,8882,7629,6725,6419,5385,4929,5035,4803,281,150,208,96,3096,2942,2750,4318,1187,936,622,424,472,392549,194900,290444,140807,150811,71627,122650,57132,1032833,506077,643373,301540,177088,91583,70878,36833,29494,858,2399,34108,410,1119,389992,380372,181,247,0,0,168746,169081,355953,341914,0,10,42613,40857,154168,153823,354016,336194,9118,8937,35230,35213,141116,137660,2405,2318,9812,9610,38545,38566,372264,335286,223578,210243,29767,24866,101966,87705,117777,104321,223578,210243,18595,15865,33722,33435,113878.0,117908.0,86219.0,86937.0,35211.0,32250.0,219246.0,209982.0,105610.0,107545.0,74308.0,74874.0,31167.0,27740.0,194833.0,187985.0,16421,40499,21136,7805,1977,12809,40507,16090,5535,1748,12376,34972,17563,5616,1506,10400,34927,13993,4065,1888,5290.0,4454.0,5325.0,4775.0,3142.0,2336.0,8690.0,6902.0,3073.0,3495.0,3212.0,3034.0,2030.0,1592.0,5449.0,4809.0,21894.0,19998.0,13010.0,13518.0,6655.0,5922.0,29520.0,27809.0,16051.0,15567.0,9549.0,10263.0,4990.0,4508.0,21808.0,21159.0,8834.0,7299.0,7646.0,6184.0,3475.0,2674.0,16290.0,13238.0,5636.0,5215.0,4594.0,4184.0,2335.0,1765.0,10201.0,8909.0,2438.0,1600.0,3061.0,3318.0,1690.0,1669.0,3973.0,2847.0,1184.0,984.0,1833.0,2199.0,1062.0,1246.0,2546.0,2016.0,33.0,27.0,13.0,16.0,1.0,0.0,68.0,71.0,57.0,55.0,2.0,4.0,0.0,0.0,60.0,50.0,3658,39710,48572,1784,6,0,3170,27022,25097,908,4,0,1,8,0,0,0,225.0,728.0,8292.0,512.0,6.0,0.0,395.0,1838.0,3883.0,213.0,9.0,0.0,0.0,0.0,0.0,1457,79957,12630,3778,588,5083,1189,50220,5338,2495,426,2871
29,2012-13,KARNATAKA,191791,61130.7,29.38,15.67,968,17.1,7.0,75.6,82.85,68.13,KARNATAKA,34,203,8175,3852,17041,1144,115,1700,583,10033,958,2508,171,65,517,369,6578,683,1093,972,50,1183,212,3452,275,1303,93897,17128,131677,48501,1176985,292546,287099,2051972,11202,7604,32832,28447,724478,171554,99267,1076731,82695,9524,98845,19916,452399,120992,187832,974995,4703,937,5802,2759,77392,12868,8215,121897,969,577,1860,1811,48747,8132,3695,71703,3724,360,3942,948,28625,4736,4510,50154,4,1,24,23,126,1,14,193,6,0,5,2,131,0,25,169,1138,115,1698,580,10001,958,2487,16977,99.3,99.08,99.88,98.08,99.49,94.51,65.4,91.12,0,20,1,24,4,66,1,405,521,1141,115,1696,578,9974,957,2039,16500,1132,112,1673,570,9408,940,1885,15720,25,5,69,31.0,571.0,76.0,670.0,1447,22,3,62,24.0,424.0,53.0,568.0,1156,1123,108,1645,516,9517,949,1894,15752,56,7,136,22,239,38,635,1133,1067,98,1534,436,6959,762,1834,12690,22,3,41,21,45,2,78,212,23,9,38,7,367,103,184,731,1068,90,1553,397,6989,607,1205,11909,17,16,40,102,156,59,453,843,13,20,38,108,85,58,412,734,467,56,732,165,3269,335,626,5650,286,24,302,64,1342,186,268,2472,8,8,37,14,1257,273,609,2206,10,2,41,17,420,133,498,1121,27,4,48,18,584,142,626,1449,105,35,247,331,2321,53,813,3905,575,245,2992,846,15906,4541,12218,37917,3338,338,3722,981,27952,4800,2637,48849,43230,6577,58010,21696,575132,147816,143754,998320,503615,464721,452116,413529,411951,388999,103534,105290,86051,90502,6373,3798,8670,4627,2039,1343,3704,3416,3795,3100,6801,4839,4238,2963,3187,2450,41,28,29,22,828,834,814,1000,425,416,215,163,149,292499,137931,59465,28673,109300,51528,28832,13660,915864,446934,237173,124672,214796,109898,35348,19938,22073,470,1069,11914,116,434,172579,166004,0,0,0,0,291931,264667,123383,119259,0,0,28894,25200,295920,265074,116661,117125,7572,6385,24726,21640,268150,247754,2514,2355,8004,7458,27043,24039,85959,89956,16313,18146,13306,13733,67033,70936,64542,68761,16313,18146,0,0,0,0,63023.0,59347.0,30579.0,29990.0,14318.0,13521.0,75575.0,76963.0,55796.0,51487.0,23543.0,23323.0,11375.0,11048.0,64004.0,67443.0,25836,19215,18828,87,402,28986,17658,18039,239,570,20932,17559,14870,60,305,24451,15547,14865,135,395,2650.0,3301.0,5899.0,5212.0,2592.0,2493.0,14496.0,17426.0,1384.0,2489.0,2978.0,3198.0,1395.0,1640.0,8855.0,12559.0,4978.0,3865.0,1540.0,1072.0,678.0,556.0,9171.0,7977.0,3976.0,3109.0,838.0,555.0,368.0,303.0,6339.0,6100.0,3978.0,3459.0,1280.0,957.0,685.0,473.0,9473.0,9166.0,2952.0,2937.0,825.0,732.0,533.0,435.0,7188.0,7947.0,38.0,26.0,15.0,5.0,0.0,2.0,83.0,71.0,23.0,20.0,13.0,4.0,0.0,2.0,93.0,76.0,2.0,5.0,5.0,8.0,4.0,2.0,36.0,29.0,1.0,3.0,4.0,3.0,3.0,1.0,28.0,25.0,41900,13520,14592,2387,84,1,28064,8605,9988,1839,36,9,148,1,14,3,0,196.0,72.0,100.0,30.0,0.0,0.0,168.0,44.0,75.0,21.0,0.0,0.0,0.0,0.0,0.0,3879,58355,2395,4162,358,3733,2491,39416,1171,2766,295,2710
30,2012-13,GOA,3702,1457.72,46.0,8.17,968,1.7,10.2,87.4,92.81,81.84,GOA,2,11,252,124,466,16,8,150,215,2,0,75,9,2,101,161,1,0,48,7,5,43,52,1,0,27,3263,2174,19536,22871,71,0,23292,71207,1297,108,11634,13170,12,0,13521,39742,1966,2066,7902,9701,59,0,9771,31465,123,128,868,1085,7,0,1316,3565,35,6,558,650,0,0,811,2087,88,122,309,435,7,0,505,1477,0,0,5,1,0,0,0,6,0,0,0,0,0,0,0,0,16,7,136,212,2,0,72,445,100.0,100.0,100.0,100.0,100.0,0.0,97.06,99.23,0,4,0,5,1,0,0,8,18,16,7,144,212,2,0,75,456,16,7,144,213,2,0,74,456,6,0,46,44.0,0.0,0.0,16.0,112,4,0,6,13.0,0.0,0.0,3.0,26,16,7,142,204,2,0,75,446,12,2,14,22,0,0,59,109,15,5,129,161,2,0,67,379,1,0,5,1,0,0,0,7,3,5,67,82,0,0,37,194,16,7,133,168,0,0,55,379,1,2,8,5,0,0,0,16,1,2,7,2,0,0,1,13,15,6,110,170,0,0,63,364,7,0,27,25,0,0,19,78,8,2,15,84,1,0,24,134,3,3,13,53,1,0,6,79,9,6,96,157,1,0,62,331,0,0,1,3,0,0,2,6,99,62,490,685,4,0,737,2087,81,60,623,683,3,0,819,2293,1519,1067,9491,10580,42,0,11346,34045,12786,11097,14099,11838,9651,9533,7337,6399,6075,6275,19,2,1560,905,184,156,242,127,108,62,224,148,111,82,56,34,4,7,8,5,47,48,47,67,10,14,8,7,3,811,400,630,300,4612,2211,2482,1212,5279,2693,3295,1683,3390,1565,1122,541,1181,12,65,780,0,14,1046,1058,150,145,0,0,7236,6613,1029,972,0,0,2623,2329,6776,6255,715,727,1047,690,3245,2733,5340,5604,835,407,2899,1733,3596,3202,3414,3401,1280,1589,2133,1707,2326,2500,2747,2592,1280,1589,1738,1331,2430,2238,5755.0,5186.0,84.0,69.0,683.0,652.0,656.0,601.0,4532.0,3881.0,61.0,48.0,475.0,404.0,499.0,416.0,1189,1794,2206,2033,26,2005,1665,1935,874,0,740,1711,1913,1644,19,1801,1694,2029,812,0,563.0,1255.0,17.0,24.0,98.0,198.0,102.0,233.0,388.0,1041.0,11.0,20.0,76.0,176.0,73.0,198.0,1181.0,1280.0,24.0,24.0,89.0,88.0,197.0,200.0,1126.0,1260.0,26.0,22.0,91.0,93.0,202.0,195.0,1601.0,1660.0,32.0,42.0,207.0,224.0,265.0,315.0,1275.0,1441.0,22.0,34.0,173.0,199.0,210.0,261.0,1139.0,585.0,31.0,17.0,127.0,116.0,168.0,106.0,1013.0,548.0,21.0,19.0,115.0,105.0,151.0,77.0,28.0,15.0,1.0,0.0,3.0,3.0,0.0,0.0,13.0,13.0,1.0,0.0,0.0,0.0,0.0,0.0,64,455,719,27,0,0,89,914,1253,18,1,0,0,0,0,0,0,1.0,2.0,3.0,1.0,0.0,0.0,2.0,8.0,8.0,0.0,0.0,0.0,0.0,0.0,0.0,65,964,62,67,65,49,72,1820,59,120,101,121
31,2012-13,LAKSHADWEEP,32,64.43,41.86,6.23,946,0.0,94.8,92.28,96.11,88.25,LAKSHADWEEP,1,3,9,9,13,3,7,1,0,0,2,0,2,5,0,0,0,2,0,1,2,1,0,0,0,0,553,3169,28,0,0,737,0,4487,351,2045,0,0,0,737,0,3133,202,1124,28,0,0,0,0,1354,23,78,3,0,0,54,0,162,3,61,0,0,0,54,0,121,20,17,3,0,0,0,0,41,0,0,0,0,0,0,0,0,0,0,0,0,0,0,0,0,3,7,1,0,0,2,0,13,100.0,100.0,100.0,0.0,0.0,100.0,0.0,100.0,0,0,0,0,0,0,0,0,0,3,7,1,0,0,2,0,13,3,7,1,0,0,2,0,13,2,4,0,0.0,0.0,0.0,0.0,6,2,4,0,0.0,0.0,0.0,0.0,6,3,7,1,0,0,2,0,13,0,6,1,0,0,2,0,9,3,4,1,0,0,1,0,9,0,0,0,0,0,0,0,0,0,6,0,0,0,2,0,8,3,7,1,0,0,2,0,13,0,0,0,0,0,0,0,0,0,1,0,0,0,0,0,1,3,5,1,0,0,2,0,11,3,6,1,0,0,1,0,11,1,4,0,0,0,1,0,6,0,0,0,0,0,0,0,0,1,3,0,0,0,1,0,5,0,0,0,0,0,0,0,0,20,93,2,0,0,19,0,134,12,37,1,0,0,25,0,77,466,1351,15,0,0,393,0,2225,757,892,660,681,543,551,571,507,488,486,0,0,10,5,0,0,0,0,0,0,42,40,23,26,10,15,10,3,3,6,4,4,4,6,2,1,1,0,0,0,0,0,0,2420,1222,2037,983,9,7,4,2,2422,1223,2089,1035,64,0,7,58,2,3,200,300,0,0,0,0,438,485,29,74,0,0,81,85,428,453,29,55,22,16,87,97,301,333,16,6,116,57,213,163,247,288,31,75,206,178,298,325,238,270,31,75,118,41,159,86,5.0,1.0,0.0,0.0,537.0,484.0,1.0,1.0,5.0,1.0,0.0,0.0,386.0,451.0,1.0,1.0,314,177,86,0,0,184,234,51,0,0,264,174,49,0,0,230,249,58,0,0,0.0,0.0,0.0,0.0,318.0,288.0,0.0,0.0,0.0,0.0,0.0,0.0,155.0,189.0,0.0,0.0,2.0,4.0,6.0,0.0,153.0,222.0,3.0,0.0,2.0,4.0,6.0,0.0,67.0,126.0,3.0,6.0,0.0,0.0,0.0,0.0,31.0,27.0,0.0,0.0,0.0,0.0,0.0,0.0,13.0,16.0,0.0,0.0,0.0,0.0,0.0,0.0,0.0,0.0,0.0,0.0,0.0,0.0,0.0,0.0,0.0,0.0,0.0,0.0,0.0,0.0,0.0,0.0,0.0,0.0,0.0,0.0,0.0,0.0,0.0,0.0,0.0,0.0,0.0,0.0,17,22,29,1,0,0,10,24,33,0,0,0,0,0,0,0,0,0.0,2.0,14.0,0.0,0.0,0.0,0.0,0.0,10.0,0.0,0.0,0.0,0.0,0.0,0.0,4,61,4,8,6,2,4,67,1,5,0,0
32,2012-13,KERALA,38863,33387.68,24.76,4.86,1084,9.1,1.5,93.91,96.02,91.98,KERALA,14,166,1443,1315,4153,1523,1141,650,333,163,315,28,1134,844,537,273,148,268,23,388,297,113,60,15,47,5,476102,747158,59965,84997,38754,261401,5012,1677312,335520,541928,46789,66660,35743,233415,3418,1266293,140582,205230,13176,18337,3011,27986,1594,411019,14245,19044,3126,2748,1527,8222,222,51029,10097,13749,2547,2238,1446,7468,162,39348,4148,5295,579,510,81,754,60,11681,5,1,38,0,0,0,0,44,3,0,0,1,0,0,0,4,1473,1119,637,326,162,313,28,4058,98.93,99.76,99.71,100.0,100.0,100.0,100.0,98.85,0,27,5,13,2,1,3,5,56,1495,1137,638,332,159,314,28,4103,1472,1129,623,326,158,305,27,4040,225,216,109,73.0,24.0,51.0,5.0,703,163,188,87,58.0,19.0,36.0,4.0,555,1220,1092,470,313,143,295,18,3551,477,46,154,3,6,14,9,709,1363,1034,536,283,106,270,20,3612,32,4,20,1,1,3,0,61,0,0,0,0,0,0,0,0,1071,961,405,279,119,240,16,3091,69,34,21,7,2,8,2,143,67,29,19,8,1,3,4,131,865,432,295,113,28,96,15,1844,827,818,294,226,105,227,16,2513,213,185,73,30,17,85,3,606,95,64,29,3,2,21,4,218,323,294,125,83,38,100,11,974,16,2,23,0,10,1,3,55,11386,13124,1855,1895,930,4732,137,34176,10731,12898,2418,2001,886,4558,118,35138,234337,374654,29970,45332,18007,127390,2696,834126,279529,262647,277088,250856,263456,252700,160062,173484,142580,157086,1560,1488,5074,2469,1190,1017,1195,1763,1028,1356,14882,11801,6686,4359,7042,4473,1972,1451,1627,1286,1036,1044,1000,1311,483,317,119,66,82,104865,49978,63279,33133,16192,7835,8694,4523,645447,311629,359408,188655,297936,143326,137797,71986,18383,653,1951,10070,356,856,102250,102250,896,504,0,0,136066,129179,97275,95523,0,0,33346,26017,134130,122454,95768,98574,5485,3708,35500,26741,128095,125429,1509,878,9673,5435,40051,28835,130485,146806,42201,48625,22936,21625,71201,80325,85201,94777,42201,48625,6189,4271,28546,27146,50431.0,48356.0,17533.0,16799.0,2571.0,2772.0,101240.0,98153.0,48339.0,47276.0,15350.0,15058.0,2734.0,2303.0,93757.0,91488.0,20646,39017,23473,5211,3832,23208,47337,22983,4316,3632,16397,33586,19775,4400,3181,18269,42194,19006,4007,3221,4316.0,4725.0,2600.0,2886.0,380.0,395.0,7504.0,9876.0,3554.0,3978.0,1772.0,2328.0,231.0,288.0,6328.0,8812.0,19658.0,22801.0,3108.0,4258.0,378.0,550.0,19968.0,23106.0,16495.0,19683.0,2235.0,3084.0,209.0,426.0,16333.0,21512.0,7934.0,6717.0,2793.0,2685.0,302.0,315.0,11906.0,11391.0,6714.0,5976.0,2067.0,2172.0,244.0,274.0,10222.0,10689.0,1846.0,1530.0,449.0,462.0,52.0,54.0,2778.0,2780.0,1375.0,1250.0,287.0,326.0,58.0,83.0,2244.0,2473.0,407.0,424.0,165.0,148.0,6.0,20.0,562.0,572.0,310.0,270.0,240.0,143.0,11.0,18.0,548.0,623.0,1961,6008,6880,523,6,0,3695,14073,15953,846,8,0,82,85,94,4,0,57.0,81.0,93.0,15.0,0.0,0.0,124.0,156.0,249.0,34.0,0.0,0.0,0.0,1.0,0.0,542,12527,643,850,235,827,1127,29448,1105,1304,397,1757
33,2012-13,TAMIL NADU,130058,72138.96,38.1,15.6,995,20.0,1.1,80.33,86.81,73.86,TAMIL NADU,30,413,6578,3740,11587,3832,7718,0,0,6,21,10,1667,5547,0,0,5,9,2,2165,2171,0,0,1,12,8,816911,3012680,0,0,661,7678,4510,3842440,283294,1626919,0,0,453,3256,1171,1915093,533617,1385761,0,0,208,4422,3339,1927347,33801,90636,0,0,33,300,136,125428,14576,52885,0,0,25,135,39,67968,19225,37751,0,0,8,165,97,57460,87,142,0,0,0,0,0,229,1,13,0,0,0,0,0,14,3796,7644,0,0,6,21,10,11477,99.95,97.0,0.0,0.0,100.0,100.0,100.0,98.03,0,14,69,0,0,1,1,0,85,3820,7550,0,0,6,21,9,11406,3817,7417,0,0,6,21,10,11271,651,4058,0,0.0,2.0,10.0,1.0,4722,519,3475,0,0.0,2.0,9.0,1.0,4006,3811,7254,0,0,6,20,9,11100,1942,668,0,0,0,6,5,2621,3727,6215,0,0,5,20,10,9977,69,30,0,0,0,0,0,99,1209,1490,0,0,0,3,7,2709,3689,5838,0,0,4,16,9,9556,369,640,0,0,0,1,0,1010,379,449,0,0,0,6,1,835,2640,3105,0,0,3,13,8,5769,1180,602,0,0,1,4,3,1790,131,5514,0,0,2,7,1,5655,229,3181,0,0,2,2,0,3414,1101,6568,0,0,3,11,2,7685,359,1124,0,0,1,1,1,1486,26850,70111,0,0,19,250,112,97695,24213,49020,0,0,22,139,101,73923,390407,1548071,0,0,354,3768,1800,1944400,639622,610030,584852,537104,551995,528776,391530,453004,369663,425516,1317,842,12755,7623,2645,1750,2079,1725,1672,1440,8614,6619,2720,2003,1923,1324,674,610,706,655,4381,4342,4076,4419,684,935,234,112,160,539227,264949,363854,197043,22233,10602,12676,6117,1553546,748440,1187330,636454,125969,61503,86972,45994,50154,718,3113,41297,563,1901,353536,341325,145,22,0,0,222114,207521,278825,256697,0,0,33972,32861,224604,205586,261475,259866,5338,4239,48802,46248,215655,199349,998,703,12138,9275,54115,50398,329779,378573,166586,185967,36887,47676,144019,166948,155900,180107,166586,185967,10859,11498,45638,55163,25520.0,24282.0,117980.0,122475.0,5610.0,5976.0,371157.0,355700.0,23493.0,23234.0,87436.0,99277.0,4281.0,5154.0,312218.0,323950.0,29179,186389,49983,36513,6013,35201,223125,66014,25718,7087,24278,177676,43011,33709,5195,30761,212230,57378,22999,5987,1113.0,1226.0,7479.0,9267.0,429.0,326.0,17561.0,22331.0,900.0,1088.0,5439.0,7642.0,244.0,360.0,14519.0,20021.0,12603.0,13081.0,39897.0,48112.0,1808.0,3343.0,155538.0,177833.0,11815.0,11755.0,29447.0,40535.0,2248.0,3099.0,133635.0,161742.0,4306.0,5995.0,13376.0,16917.0,534.0,798.0,36211.0,50908.0,3948.0,5529.0,10229.0,14238.0,587.0,916.0,30902.0,46011.0,944.0,677.0,11702.0,9688.0,464.0,433.0,28988.0,19585.0,896.0,643.0,7998.0,7932.0,426.0,393.0,21531.0,17196.0,395.0,468.0,662.0,675.0,55.0,69.0,2633.0,3323.0,349.0,340.0,459.0,552.0,27.0,37.0,2406.0,3061.0,2275,9449,27210,11656,35,55,3676,19738,37484,11828,63,123,0,0,0,0,0,155.0,287.0,314.0,66.0,1.0,2.0,146.0,421.0,393.0,43.0,2.0,6.0,0.0,0.0,0.0,1088,32675,14048,1520,1082,1092,2241,52888,13542,2056,1099,2097
34,2012-13,PUDUCHERRY,479,1244.46,52.12,27.72,1038,15.7,0.0,86.55,92.12,81.22,PUDUCHERRY,4,6,100,24,316,73,51,146,38,0,5,3,27,29,77,12,0,1,0,46,22,69,26,0,4,3,29387,25518,11643,6198,0,3108,937,77089,10136,13781,6508,2063,0,491,0,33017,19251,11737,5135,4135,0,2617,937,44072,651,717,183,201,0,111,44,1966,266,377,78,30,0,29,0,811,385,340,105,171,0,82,44,1155,0,0,1,0,0,0,0,1,0,0,0,0,0,0,0,0,71,51,140,38,0,5,2,307,100.0,100.0,99.21,100.0,0.0,100.0,0.0,99.72,0,0,0,0,0,0,0,0,0,73,51,146,38,0,5,3,316,73,51,146,38,0,5,3,316,0,1,9,4.0,0.0,0.0,0.0,14,0,1,9,4.0,0.0,0.0,0.0,14,73,47,136,35,0,4,3,298,15,21,16,14,0,3,0,69,71,51,137,38,0,5,3,305,1,0,3,0,0,0,0,4,25,13,5,3,0,2,3,51,67,42,136,28,0,3,3,279,0,3,0,0,0,0,0,3,0,2,1,0,0,0,0,3,56,31,94,19,0,4,3,207,22,8,30,3,0,1,1,65,4,33,15,20,0,2,0,74,0,1,1,2,0,0,0,4,3,20,18,12,0,1,0,54,4,0,4,0,0,0,1,9,770,645,393,171,0,81,20,2090,399,329,94,106,0,49,9,1024,14153,14203,5734,2737,0,1630,489,38961,12480,12026,13277,12018,10736,10554,7833,8785,6282,7604,181,113,1463,824,283,180,362,243,166,110,105,134,127,128,81,93,43,34,8,17,98,100,99,92,21,16,4,1,3,9261,4516,5213,2836,40,20,31,18,32851,16001,22238,12044,894,393,239,119,1273,2,11,791,3,10,7284,6666,11,8,0,0,4496,4710,6280,5570,0,0,591,580,5208,4930,5184,5231,88,55,1381,1215,4342,4127,21,15,397,295,1210,1196,6800,7558,2843,3154,828,1061,2392,3372,3314,3546,2843,3154,205,166,1047,1078,1873.0,1953.0,1721.0,1862.0,58.0,112.0,6388.0,7031.0,1814.0,1879.0,1423.0,1589.0,50.0,110.0,5820.0,6727.0,378,3995,1301,310,4,1097,4661,1721,415,57,310,3276,879,191,5,958,3875,1336,290,42,199.0,70.0,89.0,70.0,0.0,0.0,177.0,250.0,123.0,41.0,41.0,43.0,0.0,0.0,123.0,198.0,1180.0,751.0,480.0,660.0,4.0,2.0,2399.0,3262.0,917.0,669.0,346.0,498.0,4.0,3.0,2089.0,2984.0,164.0,133.0,141.0,257.0,0.0,10.0,674.0,1045.0,126.0,165.0,89.0,193.0,0.0,1.0,488.0,952.0,17.0,3.0,62.0,84.0,0.0,1.0,136.0,194.0,15.0,3.0,37.0,68.0,0.0,1.0,85.0,181.0,0.0,4.0,0.0,6.0,0.0,0.0,5.0,26.0,0.0,3.0,0.0,6.0,0.0,0.0,5.0,24.0,61,153,574,115,1,0,68,226,585,113,0,0,0,0,0,0,0,3.0,11.0,20.0,4.0,0.0,0.0,1.0,4.0,20.0,7.0,0.0,0.0,0.0,0.0,0.0,4,682,179,35,14,28,4,806,120,37,22,35
35,2012-13,ANDAMAN & NICOBAR ISLANDS,8249,379.94,30.58,6.68,878,0.0,7.5,86.27,90.11,81.84,A & N ISLANDS,3,9,74,36,101,35,19,36,0,1,3,7,21,17,30,0,1,2,7,14,2,6,0,0,1,0,12452,5992,2332,0,1176,2019,388,25270,6184,5004,1697,0,1176,954,388,16314,6268,988,635,0,0,1065,0,8956,827,344,232,0,35,138,24,1785,443,299,178,0,35,86,24,1189,384,45,54,0,0,52,0,596,0,1,2,0,0,0,0,3,0,0,0,0,0,0,0,0,35,19,36,0,1,3,7,101,100.0,100.0,96.3,0.0,0.0,100.0,0.0,99.02,0,0,0,0,0,0,0,0,0,35,19,36,0,1,3,7,101,35,19,36,0,1,3,7,101,11,6,11,0.0,0.0,2.0,4.0,34,5,4,7,0.0,0.0,1.0,0.0,17,32,19,36,0,1,3,7,98,32,15,32,0,1,3,5,88,26,7,22,0,0,1,3,59,0,0,0,0,0,0,0,0,10,11,9,0,0,1,2,33,33,18,32,0,1,3,7,94,2,7,1,0,1,1,0,12,3,7,0,0,1,0,0,11,26,13,25,0,1,2,5,72,11,5,4,0,1,2,0,23,24,17,25,0,1,3,7,77,12,11,13,0,0,2,3,41,26,16,29,0,1,3,7,82,0,3,0,0,0,0,0,3,378,158,96,0,21,60,16,754,438,143,133,0,13,67,9,941,6086,2820,1130,0,506,841,166,11944,3427,3334,3663,3309,3608,3179,3375,2975,2680,2481,4,2,14,10,11,2,148,55,7,1,44,27,42,24,55,23,24,26,21,15,9,10,10,13,4,0,5,1,5,0,0,0,0,1048,488,826,425,2363,1190,2092,994,899,427,809,397,323,48,78,249,12,44,784,852,0,0,0,0,1430,1408,694,751,0,0,834,753,1451,1346,676,737,236,218,884,808,1252,1233,143,103,634,404,1680,1209,1486,1643,369,512,1003,804,765,808,1006,1079,369,512,886,528,1546,1161,2831.0,2518.0,7.0,4.0,252.0,250.0,469.0,455.0,2743.0,2470.0,7.0,4.0,235.0,243.0,459.0,447.0,2097,614,401,41,0,1693,560,401,18,0,1497,523,314,22,0,1350,512,247,19,0,1095.0,1130.0,0.0,0.0,92.0,116.0,203.0,192.0,714.0,844.0,0.0,0.0,32.0,30.0,138.0,153.0,425.0,376.0,0.0,1.0,11.0,23.0,72.0,81.0,309.0,274.0,1.0,4.0,10.0,11.0,46.0,61.0,177.0,227.0,1.0,1.0,2.0,2.0,44.0,26.0,160.0,203.0,1.0,1.0,1.0,2.0,37.0,23.0,17.0,10.0,0.0,0.0,0.0,0.0,0.0,0.0,17.0,10.0,0.0,0.0,0.0,0.0,0.0,0.0,0.0,0.0,0.0,0.0,0.0,0.0,0.0,0.0,0.0,0.0,0.0,0.0,0.0,0.0,0.0,0.0,46,251,452,60,1,0,75,271,398,54,0,0,0,0,0,0,0,8.0,7.0,17.0,2.0,0.0,0.0,37.0,42.0,61.0,3.0,0.0,0.0,0.0,0.0,0.0,26,656,53,73,34,2,58,717,38,84,21,23
