,ac_year,statname,area_sqkm,tot_population,urban_population,grwoth_rate,sexratio,sc_population,st_population,literacy_rate,male_literacy_rate,female_literacy_rate,statname,ac_year,distcd,blkcd,villages,clusters,schools,sch_1,sch_2,sch_3,sch_4,sch_5,sch_6,sch_7,sch_r_1,sch_r_2,sch_r_3,sch_r_4,sch_r_5,sch_r_6,sch_r_7,sch_u_1,sch_u_2,sch_u_3,sch_u_4,sch_u_5,sch_u_6,sch_u_7,enr_1,enr_2,enr_3,enr_4,enr_5,enr_6,enr_7,enr_all,enr_r_1,enr_r_2,enr_r_3,enr_r_4,enr_r_5,enr_r_6,enr_r_7,enr_r_all,enr_u_1,enr_u_2,enr_u_3,enr_u_4,enr_u_5,enr_u_6,enr_u_7,enr_u_all,tch_1,tch_2,tch_3,tch_4,tch_5,tch_6,tch_7,tch_all,tch_r_1,tch_r_2,tch_r_3,tch_r_4,tch_r_5,tch_r_6,tch_r_7,tch_r_all,tch_u_1,tch_u_2,tch_u_3,tch_u_4,tch_u_5,tch_u_6,tch_u_7,tch_u_all,sing_cls_sch_1,sing_cls_sch_2,sing_cls_sch_3,sing_cls_sch_4,sing_cls_sch_5,sing_cls_sch_6,sing_cls_sch_7,sing_cls_sch_all,sing_tch_sch_1,sing_tch_sch_2,sing_tch_sch_3,sing_tch_sch_4,sing_tch_sch_5,sing_tch_sch_6,sing_tch_sch_7,sing_tch_sch_all,bldg_1,bldg_2,bldg_3,bldg_4,bldg_5,bldg_6,bldg_7,bldg_all,girls_toilet_1,girls_toilet_2,girls_toilet_3,girls_toilet_4,girls_toilet_5,girls_toilet_6,girls_toilet_7,girls_toilet_all,boys_toilet_1,boys_toilet_2,boys_toilet_3,boys_toilet_4,boys_toilet_5,boys_toilet_6,boys_toilet_7,boys_toilet_all,gsch_1,gsch_2,gsch_3,gsch_4,gsch_5,gsch_6,gsch_7,gsch_all,bsch_1,bsch_2,bsch_3,bsch_4,bsch_5,bsch_6,bsch_7,bsch_all,co_sch1,co_sch2,co_sch3,co_sch4,co_sch5,co_sch6,co_sch7,co_sch_all,cwsn_toilet_1,cwsn_toilet_2,cwsn_toilet_3,cwsn_toilet_4,cwsn_toilet_5,cwsn_toilet_6,cwsn_toilet_7,cwsn_toilet_all,water_1,water_2,water_3,water_4,water_5,water_6,water_7,water_all,electric_1,electric_2,electric_3,electric_4,electric_5,electric_6,electric_7,electric_all,rampneed_1,rampneed_2,rampneed_3,rampneed_4,rampneed_5,rampneed_6,rampneed_7,rampneed_all,ramps_1,ramps_2,ramps_3,ramps_4,ramps_5,ramps_6,ramps_7,ramps_all,library_1,library_2,library_3,library_4,library_5,library_6,library_7,library_all,librarian_1,librarian_2,librarian_3,librarian_4,librarian_5,librarian_6,librarian_7,librarian_all,bndrywall_1,bndrywall_2,bndrywall_3,bndrywall_4,bndrywall_5,bndrywall_6,bndrywall_7,bndrywall_all,cwsn_sch_1,cwsn_sch_2,cwsn_sch_3,cwsn_sch_4,cwsn_sch_5,cwsn_sch_6,cwsn_sch_7,cwsn_sch_all,lab_asst_1,lab_asst_2,lab_asst_3,lab_asst_4,lab_asst_5,lab_asst_6,lab_asst_7,lab_asst_all,hmroom_1,hmroom_2,hmroom_3,hmroom_4,hmroom_5,hmroom_6,hmroom_7,hmroom_all,hostel_boys_1,hostel_boys_2,hostel_boys_3,hostel_boys_4,hostel_boys_5,hostel_boys_6,hostel_boys_7,hostel_boys_all,hostel_girls_1,hostel_girls_2,hostel_girls_3,hostel_girls_4,hostel_girls_5,hostel_girls_6,hostel_girls_7,hostel_girls_all,statname,ac_year,internet_1,internet_2,internet_3,internet_4,internet_5,internet_6,internet_7,internet_all,ict_lab_1,ict_lab_2,ict_lab_3,ict_lab_4,ict_lab_5,ict_lab_6,ict_lab_7,ict_lab_all,pground_1,pground_2,pground_3,pground_4,pground_5,pground_6,pground_7,pground_all,medchk_1,medchk_2,medchk_3,medchk_4,medchk_5,medchk_6,medchk_7,medchk_all,smdc_1,smdc_2,smdc_3,smdc_4,smdc_5,smdc_6,smdc_7,smdc_all,sch_bld_com_1,sch_bld_com_2,sch_bld_com_3,sch_bld_com_4,sch_bld_com_5,sch_bld_com_6,sch_bld_com_7,sch_bld_com_all,pta_1,pta_2,pta_3,pta_4,pta_5,pta_6,pta_7,pta_all,sch_2006_1,sch_2006_2,sch_2006_3,sch_2006_4,sch_2006_5,sch_2006_6,sch_2006_7,sch_2006_all,cls_1,cls_2,cls_3,cls_4,cls_5,cls_6,cls_7,cls_all,tchf_1,tchf_2,tchf_3,tchf_4,tchf_5,tchf_6,tchf_7,tchf_all,enrg_1,enrg_2,enrg_3,enrg_4,enrg_5,enrg_6,enrg_7,enrg_all,statname,ac_year,enrc8_b,enrc8_g,enrc9_b,enrc9_g,enrc10_b,enrc10_g,enrc11_b,enrc11_g,enrc12_b,enrc12_g,repc8_b,repc8_g,repc9_b,repc9_g,repc10_b,repc10_g,repc11_b,repc11_g,repc12_b,repc12_g,cwsnc8_b,cwsnc8_g,cwsnc9_b,cwsnc9_g,cwsnc10_b,cwsnc10_g,cwsnc11_b,cwsnc11_g,cwsnc12_b,cwsnc12_g,schlabphy,schlabchem,schlabbio,schlabcomputer,schlabmath,schlablang,schlabgeo,schlabpsyc,schlabhsci,scsec,scsec_g,schsec,schsec_g,stsec,stsec_g,sthsec,sthsec_g,obcsec,obcsec_g,obchsec,obchsec_g,muslim_sec,muslim_sec_g,muslim_hsec,muslim_hsec_g,clgood_sec,clmajor_sec,clminor_sec,clgood_hsec,clmajor_hsec,clminor_hsec,boys_b13_c8,girls_b13_c8,boys_b13_c9,girls_b13_c9,boys_b13_c10,girls_b13_c10,boys_13_c8,girls_13_c8,boys_13_c9,girls_13_c9,boys_13_c10,girls_13_c10,boys_14_c8,girls_14_c8,boys_14_c9,girls_14_c9,boys_14_c10,girls_14_c10,boys_15_c8,girls_15_c8,boys_15_c9,girls_15_c9,boys_15_c10,girls_15_c10,boys_a15_c8,girls_a15_c8,boys_a15_c9,girls_a15_c9,boys_a15_c10,girls_a15_c10,boys_b15_c11,girls_b15_c11,boys_b15_c12,girls_b15_c12,boys_15_c11,girls_15_c11,boys_15_c12,girls_15_c12,boys_16_c11,girls_16_c11,boys_16_c12,girls_16_c12,boys_17_c11,girls_17_c11,boys_17_c12,girls_17_c12,boys_a17_c11,girls_a17_c11,boys_a17_c12,girls_a17_c12,apr_b_gen_py10,apr_g_gen_py10,apr_b_sc_py10,apr_g_sc_py10,apr_b_st_py10,apr_g_st_py10,apr_b_obc_py10,apr_g_obc_py10,pass_b_gen_py10,pass_g_gen_py10,pass_b_sc_py10,pass_g_sc_py10,pass_b_st_py10,pass_g_st_py10,pass_b_obc_py10,pass_g_obc_py10,arts_c11_b,sci_c11_b,com_c11_b,voc_c11_b,oth_c11_b,arts_c11_g,sci_c11_g,com_c11_g,voc_c11_g,oth_c11_g,arts_c12_b,sci_c12_b,com_c12_b,voc_c12_b,oth_c12_b,arts_c12_g,sci_c12_g,com_c12_g,voc_c12_g,oth_c12_g,apr_arts_gen_b,apr_arts_gen_g,apr_arts_sc_b,apr_arts_sc_g,apr_arts_st_b,apr_arts_st_g,apr_arts_obc_b,apr_arts_obc_g,pass_arts_gen_b,pass_arts_gen_g,pass_arts_sc_b,pass_arts_sc_g,pass_arts_st_b,pass_arts_st_g,pass_arts_obc_b,pass_arts_obc_g,apr_sci_gen_b,apr_sci_gen_g,apr_sci_sc_b,apr_sci_sc_g,apr_sci_st_b,apr_sci_st_g,apr_sci_obc_b,apr_sci_obc_g,pass_sci_gen_b,pass_sci_gen_g,pass_sci_sc_b,pass_sci_sc_g,pass_sci_st_b,pass_sci_st_g,pass_sci_obc_b,pass_sci_obc_g,apr_com_gen_b,apr_com_gen_g,apr_com_sc_b,apr_com_sc_g,apr_com_st_b,apr_com_st_g,apr_com_obc_b,apr_com_obc_g,pass_com_gen_b,pass_com_gen_g,pass_com_sc_b,pass_com_sc_g,pass_com_st_b,pass_com_st_g,pass_com_obc_b,pass_com_obc_g,apr_voc_gen_b,apr_voc_gen_g,apr_voc_sc_b,apr_voc_sc_g,apr_voc_st_b,apr_voc_st_g,apr_voc_obc_b,apr_voc_obc_g,pass_voc_gen_b,pass_voc_gen_g,pass_voc_sc_b,pass_voc_sc_g,pass_voc_st_b,pass_voc_st_g,pass_voc_obc_b,pass_voc_obc_g,apr_oth_gen_b,apr_oth_gen_g,apr_oth_sc_b,apr_oth_sc_g,apr_oth_st_b,apr_oth_st_g,apr_oth_obc_b,apr_oth_obc_g,pass_oth_gen_b,pass_oth_gen_g,pass_oth_sc_b,pass_oth_sc_g,pass_oth_st_b,pass_oth_st_g,pass_oth_obc_b,pass_oth_obc_g,statname,ac_year,tchug_r_m,tchgrad_r_m,tchpg_r_m,tchphd_r_m,tchpd_r_m,tchnr_r_m,tchug_r_f,tchgrad_r_f,tchpg_r_f,tchphd_r_f,tchpd_r_f,tchnr_r_f,tchug_r_nr,tchgrad_r_nr,tchpg_r_nr,tchphd_r_nr,tchpd_r_nr,tchnr_r_nr,tchug_p_m,tchgrad_p_m,tchpg_p_m,tchphd_p_m,tchpd_p_m,tchnr_p_m,tchug_p_f,tchgrad_p_f,tchpg_p_f,tchphd_p_f,tchpd_p_f,tchnr_p_f,tchug_p_nr,tchgrad_p_nr,tchpg_p_nr,tchphd_p_nr,tchpd_p_nr,tchnr_p_nr,tchbtt_m,tchbed_m,tchmed_m,tchoth_m,tchse_m,tchnr_m,tchbtt_f,tchbed_f,tchmed_f,tchoth_f,tchse_f,tchnr_f,tchbtt_nr,tchbed_nr,tchmed_nr,tchoth_nr,tchse_nr,tchnr_nr,enrc7_py,enrc8_py,enrc9_py,enrc10_py,enr11_py,enr12_py
0,2014-15,INDIA,3287240,1210193.42,31.2,17.64,940,16.6,8.6,74.04,82.14,65.46,Jammu And Kashmir,2014-15,22,201,7262,1619,4198,499,96,2693,406,31,471,2,268,88,2013,371,26,343,0,231,8,680,35,5,128,2,119411,28142,167091,35517,3387,238691,1544,593783,58391,26306,124418,32696,2861,146652,0,391324,61020,1836,42673,2821,526,92039,1544,202459,4549,1393,11503,2271,324,9333,38,29415,2227,1146,8031,2010,262,5872,0,19548,2322,247,3472,261,62,3461,38,9867,0,0,22,0,0,0,0,22,0,0,0,0,0,0,0,0,499,96,2693,406,31,471,2,4198,492,93,2579,375,27,410,0,3976,473,87,2405,347,26,376,2,3716,9,4,53,35,4,73,0,178,6,3,14,22,3,48,2,98,484,89,2626,349,24,350,0,3922,43,7,123,25,2,25,0,225,498,95,2648,396,30,461,1,4129,483,84,2025,271,20,423,1,3307,154,48,1243,241,21,288,0,1995,67,33,550,153,11,174,0,988,489,88,2344,311,19,448,2,3701,103,24,224,34,3,132,2,522,444,66,1779,261,24,401,2,2977,1,0,13,5,0,2,0,21,228,56,474,113,11,367,1,1250,448,66,1930,262,24,376,2,3108,10,11,20,2,0,16,0,59,4,10,22,9,0,11,0,56,Jammu And Kashmir,2014-15,262,21,403,6,0,65,0,757,174,31,351,15,3,130,0,704,460,77,2070,236,20,355,1,3219,334,53,1459,201,17,186,0,2250,329,84,1983,404,30,467,2,3299,317,84,1938,403,31,469,2,3244,356,85,2070,403,31,467,2,3414,16,2,41,4,0,4,0,67,3663,642,6951,1341,181,4833,28,17639,2613,444,5173,677,105,3365,6,12387,51667,12616,78461,17976,1631,110714,0,273065,Jammu And Kashmir,2014-15,107157,96380,102865,89702,78452,67614,76113,62850,63288,52899,1546,1003,3669,2675,3933,3611,1664,1109,3096,2564,1359,1075,875,681,521,369,300,239,268,138,467,463,431,437,85,45,55,21,27,30286,14309,18477,8912,38182,16906,22494,9829,26248,12151,16493,7258,205995,97590,152441,68724,9686,892,1924,3864,279,838,44735,39456,10496,8602,0,0,47676,43335,30251,26995,0,0,9501,9179,39990,34655,29645,25147,3417,2946,13938,12372,32810,28259,1437,1098,7667,6467,15430,13549,1600,1161,0,0,23114,17306,1395,1135,22858,19481,19901,15817,15275,14669,19088,16672,12477,9181,22553,18555,47711,40522,6746,5820,6681,5166,4323,3425,34497,27583,3482,3170,4276,3312,2861,2192,40825,25072,4847,137,188,36962,18448,2471,98,136,33550,21193,4019,118,79,30704,15459,2336,62,112,18979,20222,1716,1772,2069,1612,2080,1453,8371,9761,601,918,779,672,720,661,17695,10801,1210,763,1309,887,1237,532,12887,8590,732,517,800,551,833,344,3692,2010,195,104,155,135,281,69,2912,1741,117,82,105,94,156,61,20,27,9,12,2,1,0,0,12,29,6,2,2,1,0,5,20,143,4,4,4,4,0,4,5,92,0,0,0,0,0,4,Jammu And Kashmir,2014-15,736,5115,10472,458,11,0,673,4419,6787,330,3,0,0,0,0,0,0,0,10,48,168,10,0,0,0,39,132,4,0,0,0,0,0,0,0,0,134,11937,1229,90,43,3595,152,7856,1312,64,34,2969,0,0,0,0,0,0,203246,211178,195139,145849,122667,104286
1,2014-15,JAMMU AND KASHMIR,222236,12548.93,20.05,23.71,883,7.4,11.9,68.74,78.26,58.01,Himachal Pradesh,2014-15,12,124,10121,2240,3649,565,1565,654,850,1,8,6,419,1479,538,834,1,4,4,146,86,116,16,0,4,2,80026,341962,22332,37398,23,1488,1138,484367,47045,302982,16793,36503,23,626,783,404755,32981,38980,5539,895,0,862,355,79612,4758,18548,2092,2646,12,101,70,28246,2936,16679,1635,2568,12,41,53,23943,1822,1869,457,78,0,60,17,4303,0,9,2,55,0,0,0,66,0,0,0,2,0,0,0,2,565,1565,654,850,1,8,6,3649,562,1535,651,844,1,8,6,3607,561,1506,653,825,1,8,5,3559,3,39,0,11,0,0,1,54,3,22,2,0,0,0,0,27,559,1504,652,839,1,8,5,3568,108,401,96,197,0,3,0,805,565,1565,654,848,1,8,6,3647,564,1558,653,831,1,8,6,3621,181,1121,223,635,0,2,4,2166,64,1028,68,562,0,1,3,1726,560,1562,641,844,1,8,6,3622,265,232,186,34,1,4,2,724,483,1173,505,596,0,5,6,2768,3,1,2,0,0,0,0,6,343,926,268,201,0,5,5,1748,558,1234,636,576,1,8,6,3019,30,21,8,4,0,0,1,64,15,24,6,2,0,0,2,49,Himachal Pradesh,2014-15,438,876,342,127,0,6,3,1792,213,670,163,21,0,3,2,1072,549,1490,640,766,1,6,5,3457,497,1520,574,814,1,5,4,3415,313,949,333,439,1,4,6,2045,61,824,43,240,0,1,1,1170,122,257,142,66,0,2,3,592,55,51,108,74,0,1,2,291,3716,9825,1621,1489,4,58,42,16755,3063,6663,1411,889,8,57,36,12139,32472,166070,8794,18277,11,532,459,226615,Himachal Pradesh,2014-15,64657,57756,70498,59760,72200,63053,63927,56005,51127,47797,448,339,5227,3209,7686,6047,2280,1484,2005,1553,834,623,791,458,522,423,251,229,151,178,480,474,458,634,163,75,96,16,38,72401,34343,51371,24807,15838,7531,13190,6245,41222,18791,35790,16958,3671,1593,1988,923,7462,559,728,6709,374,915,30830,27627,7734,6765,0,0,24547,22049,27003,23766,0,0,7074,6176,23251,19607,28344,25253,1666,1446,8704,6819,26005,22940,540,458,3806,2803,17851,14860,0,0,0,0,19955,18056,0,0,23142,20865,15146,13962,12852,10834,18075,17454,7978,6250,17906,16381,39539,33606,20393,18918,4543,3996,12871,11319,29786,25679,12906,12251,3201,2668,8471,7425,33195,18936,11494,307,0,33917,14330,7596,157,0,23510,17387,9984,234,1,27520,13231,6928,128,1,12084,14518,6604,7791,1647,1908,3929,4991,9473,11696,5088,6175,1240,1493,2856,3743,12024,9187,3210,2385,883,765,2834,2270,9966,7806,2757,2082,717,657,2422,2019,5876,4065,2319,1553,451,321,2091,1356,4564,3342,1756,1287,339,256,1502,1078,341,102,166,33,35,22,61,15,292,74,109,27,21,7,55,8,33,3,0,0,0,0,0,0,1,2,0,0,0,0,0,0,Himachal Pradesh,2014-15,1479,2891,10066,1037,4,0,932,2519,7576,681,4,0,0,0,0,0,0,0,98,198,313,21,0,0,38,119,258,12,0,0,0,0,0,0,0,0,755,11063,967,1909,531,882,489,9035,691,1036,325,563,0,0,0,0,0,0,122564,124842,135662,150191,106671,108861
2,2014-15,HIMACHAL PRADESH,55673,6856.51,8.69,12.81,974,25.2,5.7,83.78,90.83,76.6,Punjab,2014-15,22,144,13274,1757,8940,2476,1734,2710,1861,5,52,102,1304,1390,1350,1721,3,27,29,1172,344,1360,140,2,25,73,586202,628895,132239,181511,282,16344,26447,1571920,238492,415732,60105,163353,228,8919,5219,892048,347710,213163,72134,18158,54,7425,21228,679872,26802,25589,9952,10597,19,668,1326,75025,11963,18199,4930,9453,13,365,331,45275,14839,7390,5022,1144,6,303,995,29750,1,7,27,67,0,0,0,102,0,1,1,9,0,0,0,11,2472,1734,2710,1861,5,52,102,8936,2469,1617,2702,1823,4,52,99,8766,2446,1512,2692,1740,4,18,71,8483,17,200,4,85,1,29,27,363,5,105,1,29,1,0,1,142,2454,1429,2705,1747,3,23,74,8435,439,930,464,973,1,11,32,2850,2476,1734,2709,1861,5,52,102,8939,2475,1734,2709,1861,5,52,102,8938,391,397,432,421,0,19,25,1685,284,366,297,391,0,13,15,1366,2442,1730,2559,1857,4,50,94,8736,662,345,421,44,0,28,64,1564,2456,1707,2670,1816,5,50,101,8805,15,1,12,2,0,0,0,30,843,908,260,365,0,16,63,2455,2422,1539,2622,1587,5,52,102,8329,45,19,11,2,0,0,13,90,34,34,9,5,0,4,22,108,Punjab,2014-15,2020,1703,1596,1832,3,37,72,7263,837,1698,475,1781,1,9,33,4834,2389,1724,2444,1830,5,50,96,8538,1781,1615,1682,1747,3,24,41,6893,407,1702,265,1848,1,9,11,4243,349,1603,282,1751,1,5,11,4002,528,1585,414,1732,1,7,18,4285,280,33,392,49,1,13,35,803,18303,13574,6515,5251,12,565,925,45156,20742,14359,8081,5908,15,575,1041,50774,235658,292036,54910,82437,126,13237,13334,691738,Punjab,2014-15,266738,206611,256390,195022,238808,187226,197427,154212,187557,155278,171,107,8635,3744,3674,1644,1802,702,2010,874,5341,5800,1792,1773,1400,1687,624,850,553,925,1499,1531,1382,2670,1045,396,231,69,239,314689,145673,207609,99957,107,34,29,12,130973,59536,106158,49297,12246,5655,7809,3771,25833,720,673,17078,274,417,58355,52426,17374,18082,0,0,105702,83829,65296,55829,0,0,65664,46033,91532,68175,49061,44295,25151,16568,52628,34409,92989,75286,11866,7755,29560,18527,96758,67645,52,86,0,0,35888,33369,479,561,74496,62160,30985,25919,53090,37378,60796,52129,33901,21219,95297,76669,123492,88645,68648,61155,189,163,32088,27629,113393,84452,55779,52980,158,146,27652,24907,121743,39022,26190,10113,347,97494,31723,20727,4041,208,123179,35007,20841,8422,255,104948,28218,17866,3854,222,56651,42529,34346,35764,71,87,17075,17347,48902,39764,30546,33349,200,85,15241,16631,29603,24440,4519,3755,25,39,4207,3347,25337,22041,4256,3457,28,21,3881,3209,16241,13246,2319,2383,12,11,1936,2107,13892,12028,2255,2351,34,6,1833,2032,3672,1134,4085,2150,0,0,1906,812,3458,1090,3854,2103,16,36,1788,788,126,143,20,7,0,0,20,5,121,261,16,29,0,0,16,61,Punjab,2014-15,1560,6519,15044,1032,13,0,2637,14351,31817,1715,26,0,0,0,0,0,0,0,10,34,37,2,0,0,15,87,121,5,0,0,0,0,0,0,0,0,548,16279,2249,2616,1314,1245,1123,36552,4149,3948,1484,3518,0,0,0,0,0,0,476657,469897,459425,404421,363595,326186
3,2014-15,PUNJAB,50362,27704.24,29.82,13.73,893,31.9,0.0,76.68,81.48,71.34,Chandigarh,2014-15,1,20,84,20,157,83,5,69,0,0,0,0,9,0,6,0,0,0,0,74,5,63,0,0,0,0,59666,3748,13730,0,0,0,0,77144,4855,0,1373,0,0,0,0,6228,54811,3748,12357,0,0,0,0,70916,2438,178,893,0,0,0,0,3509,184,0,75,0,0,0,0,259,2254,178,818,0,0,0,0,3250,0,0,1,0,0,0,0,1,0,0,0,0,0,0,0,0,83,5,69,0,0,0,0,157,82,5,69,0,0,0,0,156,80,5,69,0,0,0,0,154,3,0,0,0,0,0,0,3,1,0,0,0,0,0,0,1,79,5,69,0,0,0,0,153,31,0,30,0,0,0,0,61,83,5,69,0,0,0,0,157,83,5,69,0,0,0,0,157,38,2,38,0,0,0,0,78,35,2,31,0,0,0,0,68,83,5,69,0,0,0,0,157,54,4,18,0,0,0,0,76,83,5,69,0,0,0,0,157,1,0,1,0,0,0,0,2,14,2,6,0,0,0,0,22,83,5,68,0,0,0,0,156,6,1,0,0,0,0,0,7,5,1,0,0,0,0,0,6,Chandigarh,2014-15,83,5,65,0,0,0,0,153,50,4,17,0,0,0,0,71,81,5,66,0,0,0,0,152,83,5,69,0,0,0,0,157,37,2,37,0,0,0,0,76,21,1,15,0,0,0,0,37,22,2,19,0,0,0,0,43,3,0,9,0,0,0,0,12,1330,84,328,0,0,0,0,1742,1925,139,708,0,0,0,0,2772,25754,1528,5929,0,0,0,0,33211,Chandigarh,2014-15,11915,9406,12405,9140,9108,7600,12158,8790,10262,7681,20,17,871,405,31,12,321,143,213,119,474,349,329,218,181,134,40,30,112,87,49,50,48,57,39,18,21,7,23,5210,2390,5231,2301,68,33,177,98,995,504,722,325,1702,796,1127,547,862,4,40,776,12,48,2570,2298,181,213,0,0,5499,4357,2760,2233,0,0,2455,1849,5300,4071,2091,1896,987,622,2542,1651,4375,3717,404,280,1622,972,2642,1987,0,0,0,0,2912,2294,0,0,4869,3906,2213,1871,3057,1901,5091,3816,1320,689,2958,1994,8185,6228,1255,1072,22,11,192,190,8167,6218,1252,1097,22,11,185,190,4926,3184,2198,882,32,3673,1922,1962,708,0,3659,2963,2048,712,29,3138,1672,1798,620,0,2444,2422,525,589,12,23,31,107,1574,1845,278,405,12,17,25,34,2809,1662,232,145,11,17,38,22,2554,1552,188,127,7,15,31,20,1878,1673,137,148,14,7,18,25,1743,1627,120,127,13,6,18,22,528,504,158,148,0,0,2,12,476,477,132,134,1,1,2,12,0,0,0,0,0,0,0,0,0,0,0,0,0,0,0,0,Chandigarh,2014-15,22,131,495,77,0,2,35,343,2093,263,3,0,0,0,0,0,0,0,1,1,7,1,0,0,0,9,25,1,0,0,0,0,0,0,0,0,12,476,120,83,34,12,25,2008,511,126,72,30,0,0,0,0,0,0,21475,20498,20236,17691,20372,17261
4,2014-15,CHANDIGARH,114,1054.69,76.66,17.1,818,18.9,0.0,86.43,90.54,81.38,Uttarakhand,2014-15,13,95,11983,995,3439,460,1568,151,896,237,114,13,256,1368,96,856,218,90,7,203,200,55,40,19,24,6,175294,427646,12443,53852,13486,26664,1873,711258,90360,341025,8255,50173,11435,19789,1017,522054,84934,86621,4188,3679,2051,6875,856,189204,3020,19920,415,4562,934,861,111,30060,1728,17338,261,4370,860,701,54,25474,1292,2582,154,192,74,160,57,4586,0,8,1,18,7,1,0,35,4,2,1,2,36,2,0,47,449,1549,151,891,197,108,13,3358,456,1444,147,861,174,99,11,3192,435,1415,144,814,169,96,7,3080,19,136,5,63,13,11,6,253,3,95,4,11,1,2,1,117,438,1337,142,822,223,101,6,3069,91,107,17,21,9,8,1,254,459,1507,151,838,176,95,13,3239,453,1516,148,763,128,88,13,3109,69,269,18,180,32,20,5,593,51,212,11,141,16,11,2,444,443,1441,145,796,154,91,5,3075,244,60,39,21,17,10,3,394,449,978,145,658,112,69,11,2422,7,8,3,5,6,2,0,31,1,679,1,341,66,34,1,1123,446,1035,144,516,74,77,9,2301,36,47,3,16,5,6,0,113,29,27,3,3,3,3,1,69,Uttarakhand,2014-15,361,642,76,144,21,23,3,1270,230,165,36,26,9,13,3,482,430,911,130,424,69,48,6,2018,331,1097,82,698,96,49,7,2360,76,1317,30,755,196,70,8,2452,65,1321,18,715,180,68,7,2374,102,1379,27,744,182,73,9,2516,31,25,18,81,139,19,4,317,4239,9419,477,1684,441,643,67,17201,1839,4458,248,1383,261,224,75,8664,82050,206037,5408,28729,7045,12921,1175,343365,Uttarakhand,2014-15,100366,93524,103481,94109,104068,96701,76778,74021,83566,78534,714,834,5367,3215,9959,7100,1946,1280,6974,4721,589,519,363,303,359,268,142,127,181,131,758,747,708,823,287,122,180,48,146,94948,46245,59564,29777,13251,6538,11127,5720,77350,37822,55415,27116,28905,14894,16760,8552,7543,774,1256,5804,598,921,40719,35197,7412,7193,0,0,36511,33115,34562,30001,0,0,16082,16688,32580,29036,35104,29526,5287,5792,17692,16724,32548,29853,1767,2732,11154,11088,36319,37228,0,2,0,0,26666,22646,355,630,23933,23177,24823,21071,15133,14969,24203,22644,11046,13226,34186,34198,52254,47553,20704,19519,3200,3448,14962,13539,40061,39460,12313,13766,2308,2736,9535,10058,27110,28945,7027,37,304,40659,17357,4167,51,37,27239,31275,5915,66,267,41445,17134,3630,54,59,15107,24970,6892,10182,1261,2243,3821,7373,11287,20422,4737,7699,903,1600,2592,5860,22024,11903,5207,1882,1110,569,5761,2264,15265,9263,3050,1448,769,443,3494,1713,5074,3263,631,312,112,74,950,459,3364,2515,454,255,77,57,667,346,34,18,1,3,4,2,18,10,59,39,14,10,2,3,11,10,262,18,62,13,30,11,115,32,172,8,34,3,5,7,67,0,Uttarakhand,2014-15,608,1871,18320,452,28,2,263,934,7148,226,15,3,0,0,0,0,0,0,8,16,89,2,0,0,6,13,55,1,0,0,0,0,0,0,0,0,814,17685,688,928,282,999,346,7030,354,304,109,521,0,0,0,0,0,0,194478,198487,195014,195919,151870,150815
5,2014-15,UTTARAKHAND,53483,10116.75,21.54,19.17,963,18.8,2.9,79.63,88.33,70.7,Haryana,2014-15,21,119,7488,1487,7571,2228,1933,1922,1439,0,48,1,1301,1638,1179,1339,0,42,1,927,295,743,100,0,6,0,647494,568448,147087,124491,0,9803,37,1497360,305249,396417,87641,112242,0,7952,37,909538,342245,172031,59446,12249,0,1851,0,587822,24383,37648,8035,13696,0,478,8,84403,12946,29835,4896,12633,0,406,8,60798,11437,7813,3139,1063,0,72,0,23605,0,7,9,22,0,1,0,39,0,1,0,1,0,1,0,3,2228,1933,1922,1438,0,47,1,7569,2223,1749,1919,1355,0,35,1,7282,2209,1582,1914,1213,0,36,1,6955,16,306,3,171,0,0,0,496,5,168,2,79,0,2,0,256,2207,1459,1917,1189,0,46,1,6819,734,731,479,417,0,15,1,2377,2228,1933,1922,1437,0,43,1,7564,2228,1929,1918,1430,0,36,1,7542,680,925,454,598,0,22,1,2680,629,857,406,520,0,17,1,2430,2210,1931,1862,1436,0,41,1,7481,723,70,261,29,0,16,1,1100,2225,1905,1909,1415,0,39,1,7494,2,0,1,0,0,0,0,3,590,335,110,88,0,6,0,1129,2128,1784,1811,1254,0,28,1,7006,68,27,7,2,0,2,0,106,43,25,3,5,0,6,0,82,Haryana,2014-15,1847,1229,1054,482,0,11,1,4624,845,1483,442,1008,0,12,0,3790,2154,1708,1744,1209,0,38,1,6854,1781,1765,1375,1309,0,15,1,6246,22,1822,7,1367,0,34,0,3252,243,1706,134,1254,0,21,0,3358,395,1598,256,1176,0,29,0,3454,353,16,184,6,0,43,1,603,19579,14563,5575,3841,0,283,2,44113,14393,17319,4465,5464,0,264,6,42003,250936,278804,54644,65970,0,3658,3,654015,Haryana,2014-15,262937,213403,251836,195511,234226,182386,180810,140752,176473,135366,650,291,4067,1757,3028,1685,1544,325,1843,409,2495,1739,1733,1121,1112,895,593,522,506,427,1696,1691,1439,2709,995,543,608,166,451,201937,95149,113247,53064,0,0,0,0,260672,113227,185401,80102,26556,8175,13580,3469,23594,702,889,17486,433,554,110222,95205,33968,28207,0,0,89189,68728,84657,67786,0,0,42769,32444,79229,59634,98765,81977,14742,11646,35840,25994,79733,58433,6015,5380,18142,13890,55728,41976,26452,21145,0,0,61386,50335,29679,23645,55500,40810,59732,48951,24401,18779,52079,39083,13071,9683,34983,23687,114398,83890,48184,43356,0,0,70171,53655,96234,71906,25418,22482,0,0,48322,37044,79949,59202,41461,105,99,74388,32750,33365,98,90,81247,57383,37547,172,92,75371,29827,29921,160,64,34966,31361,16165,17324,0,0,21321,22265,26285,27401,10682,12871,0,0,14408,17858,37948,20092,6134,3097,0,0,17667,8326,32225,18555,4634,2548,0,0,14344,7233,23189,20101,4646,3568,0,0,9229,7876,18384,18063,3130,2898,0,0,6491,6380,59,133,53,108,0,0,44,100,67,119,30,69,0,0,34,78,1,1,0,0,0,0,0,2,1,11,0,0,0,0,0,2,Haryana,2014-15,2537,11268,25441,2912,35,0,2202,9642,26629,3253,48,0,0,0,0,0,0,0,26,94,82,5,0,0,14,106,104,5,0,0,0,0,0,0,0,0,1569,35221,2163,1345,1060,1042,1345,34995,2716,960,837,1150,0,0,0,0,0,0,479662,468343,428038,420216,318382,306402
6,2014-15,HARYANA,44212,25353.08,24.12,19.9,877,20.2,0.0,76.64,85.38,66.77,Delhi,2014-15,9,69,1203,69,2046,1120,538,267,117,0,3,1,21,36,11,2,0,0,0,1099,502,256,115,0,3,1,747061,394749,33783,36930,0,1366,31,1213920,9398,10439,1466,103,0,0,0,21406,737663,384310,32317,36827,0,1366,31,1192514,28898,12716,1589,1246,0,92,3,44544,390,510,63,9,0,0,0,972,28508,12206,1526,1237,0,92,3,43572,2,0,9,1,0,0,0,12,1,0,0,0,0,0,0,1,1120,538,267,117,0,3,1,2046,1022,266,258,73,0,2,1,1622,994,361,261,83,0,2,1,1702,126,177,6,34,0,1,0,344,98,272,9,44,0,1,0,424,896,89,252,39,0,1,1,1278,917,499,184,109,0,3,1,1713,1120,538,267,117,0,3,1,2046,1120,538,267,117,0,3,1,2046,870,485,178,102,0,2,0,1637,870,485,178,102,0,2,0,1637,1117,536,265,117,0,3,1,2039,956,356,207,65,0,2,1,1587,1114,535,266,117,0,3,1,2036,10,6,2,1,0,0,0,19,955,495,87,94,0,1,0,1632,1111,535,263,115,0,3,1,2028,7,1,0,0,0,0,0,8,4,0,0,0,0,0,0,4,Delhi,2014-15,857,298,219,54,0,2,0,1430,348,42,76,10,0,1,0,477,1062,491,244,84,0,2,1,1884,948,397,225,75,0,3,0,1648,353,221,82,47,0,1,0,704,479,288,80,58,0,0,0,905,900,417,215,91,0,1,0,1624,55,53,23,21,0,1,0,153,17646,8266,1031,714,0,40,4,27706,20925,5636,1200,605,0,49,1,28416,375020,163454,11330,18333,0,783,7,568927,Delhi,2014-15,198198,168354,217745,179895,132446,122057,172394,148239,122408,118736,382,253,31767,21483,502,204,24726,17437,2171,695,2013,1742,2052,1729,1406,1145,1420,1272,1042,894,897,899,870,1003,921,375,417,138,673,80607,40366,77174,39625,2624,1166,2471,1249,30591,13519,34374,15093,85441,42863,62413,32203,12752,266,1063,12464,247,909,70666,55713,0,0,0,0,79041,64853,68840,54241,0,0,34825,31241,85531,66457,49118,43548,10294,11131,42625,35946,52865,47277,3372,5416,20738,23262,30463,31232,0,0,0,0,57887,46352,0,0,65349,55826,44664,40718,32755,27810,47383,43631,16403,18251,30363,34385,129912,111436,16721,17766,589,514,7121,5858,128784,111057,16484,17712,584,510,7031,5832,91209,32378,44903,3445,0,87665,18324,33265,8228,0,55709,28440,35425,2441,0,66958,16796,28647,5894,0,49496,58187,12417,15264,223,311,3639,3969,42197,54817,10027,14172,200,308,3195,3826,24971,14187,1610,942,197,158,2146,1189,23445,13813,1454,899,186,157,1942,1148,29148,22790,2826,2218,121,143,1890,1486,26658,21959,2443,2098,119,132,1658,1430,1845,4786,555,1587,6,11,194,265,1695,4430,437,1451,4,11,174,249,0,0,0,0,0,0,0,0,0,0,0,0,0,0,0,0,Delhi,2014-15,215,2464,12486,957,6,0,252,4606,21916,1637,5,0,0,0,0,0,0,0,0,0,0,0,0,0,0,0,0,0,0,0,0,0,0,0,0,0,68,13726,992,1065,277,0,86,24467,1851,1604,408,0,0,0,0,0,0,0,370305,361145,346261,297209,334839,265177
7,2014-15,DELHI,1483,16753.24,77.03,20.96,866,16.8,0.0,86.34,91.03,80.93,Rajasthan,2014-15,33,257,40992,10134,27685,10996,1173,14424,554,25,509,4,7861,659,11365,362,10,234,0,3135,514,3059,192,15,275,4,2467357,331407,838066,41213,1769,204550,1006,3885758,1565127,141133,677175,26477,575,75584,0,2486461,902230,190274,160891,14736,1194,128966,1006,1399297,72259,9450,50135,2386,160,6520,38,141011,46020,4215,39007,1467,55,2275,0,93058,26239,5235,11128,919,105,4245,38,47953,53,2,448,5,0,0,0,508,9,11,20,2,0,2,0,44,10992,1172,14424,554,25,509,4,27680,10939,1111,14351,534,23,469,4,27431,10606,947,13986,451,23,419,4,26436,174,197,149,91,2,69,0,682,18,45,5,15,1,31,0,115,10804,931,14270,448,22,409,4,26888,2969,324,3012,111,7,130,2,6555,10929,1161,14207,543,25,506,4,27375,10332,1135,12362,502,23,499,4,24857,5710,631,7263,289,13,298,1,14205,3095,336,4084,153,6,157,1,7832,10163,1088,12406,492,19,497,3,24668,3390,464,1762,83,4,206,1,5910,10586,1126,13562,521,23,499,4,26321,91,27,99,4,0,7,0,228,1751,231,210,8,0,161,1,2362,8758,947,10146,388,23,428,3,20693,1250,194,650,39,1,95,0,2229,150,54,101,7,0,17,0,329,Rajasthan,2014-15,4723,589,2953,166,7,243,3,8684,3557,451,1952,208,1,277,0,6446,8418,870,9447,309,18,354,4,19420,9127,930,11749,445,12,393,4,22660,6413,707,8417,375,11,364,0,16287,4254,464,4878,269,2,288,0,10155,4534,524,5466,290,5,296,0,11115,804,94,1524,32,6,11,0,2471,63292,8189,30134,1364,94,4952,32,108106,21325,3274,13490,769,52,1889,16,40840,990439,147355,364113,19542,556,73403,264,1595802,Rajasthan,2014-15,683446,541498,688093,503950,659336,468793,442254,303100,500273,319959,3801,2754,30194,22166,32487,24379,3662,2150,12351,5075,5811,4245,2493,1315,1934,1200,840,611,1075,659,2662,2717,2569,4616,1264,761,3385,288,1875,428908,180001,246707,95775,315991,139571,187094,76364,1143008,467685,783637,305185,107459,42585,58861,22505,56851,8207,11678,35829,1199,2989,162027,127433,94781,74005,0,0,268630,206989,164528,121001,0,0,155111,125831,212975,149670,150752,106436,62775,51742,122628,87776,235043,163531,34903,29503,93181,71498,273541,198826,481,669,0,0,96101,68859,4342,3079,154734,104171,85018,57245,103984,69720,162915,101060,86954,59681,248002,158571,108314,79605,102363,70539,74759,58955,290152,191466,85401,63303,69342,45647,45587,32723,214769,143561,244984,108899,33309,230,1039,198140,46530,18357,102,635,218960,98331,31247,247,696,169919,37192,16437,102,484,30720,30060,37393,25032,28585,21569,104984,79846,26330,27267,32380,22497,22774,17278,87390,69486,29918,12510,14436,4737,9613,3399,60332,20084,24750,11108,10758,3926,7077,2566,48265,16600,21609,13434,4234,1531,1299,614,19589,7213,19347,12756,3656,1414,1102,548,16446,6335,196,86,138,31,39,22,140,78,127,99,37,22,25,14,118,66,647,427,407,306,329,227,1614,1094,518,392,296,246,220,160,1239,945,Rajasthan,2014-15,9197,42422,46163,712,65,230,4133,15315,20065,466,38,373,1,17,13,0,0,102,152,563,518,14,2,0,88,165,191,5,0,1,0,0,0,0,0,0,3704,83004,3978,2540,1387,5425,1893,32016,1746,1027,715,3443,1,16,0,0,0,116,1281020,1257697,1216241,1147590,751214,694784
8,2014-15,RAJASTHAN,342239,68621.01,19.26,21.44,926,17.8,13.5,67.06,80.51,52.66,Uttar Pradesh,2014-15,75,971,99023,9375,23612,2566,7661,901,2675,4839,4960,10,1503,6206,592,2370,4257,4095,7,1063,1455,309,305,581,864,3,1364712,5579068,141441,532859,901283,3408497,2280,11945733,835221,4539072,103991,492805,803996,2991810,1088,9782619,529491,1039996,37450,40054,96761,416637,1192,2162538,19931,71733,3178,10993,21894,38045,85,166027,10279,53490,1963,9676,18868,30342,41,124802,9652,18243,1215,1317,3022,7698,44,41216,0,1,1,1,1,0,0,4,84,295,32,154,1062,428,0,2055,2566,7660,901,2675,4831,4959,10,23602,2461,7194,886,2639,4744,4858,9,22791,2257,6856,871,2551,4561,4433,10,21539,301,767,25,112,208,506,0,1919,98,445,12,27,32,88,1,703,2167,6449,864,2536,4599,4366,9,20990,771,2400,242,833,1750,2018,4,8018,2561,7658,900,2670,4711,4958,10,23468,2190,6277,684,1932,3406,4165,9,18663,1196,3928,321,1347,2786,2947,8,12533,1031,3290,275,1134,2255,2442,7,10434,2173,6258,665,1984,3155,4096,9,18340,799,1978,186,673,1260,1642,4,6542,2468,7411,862,2537,4331,4841,9,22459,91,391,31,137,313,321,0,1284,509,1182,97,290,501,1037,0,3616,2335,6993,791,2409,3879,4297,10,20714,102,163,21,34,106,176,0,602,71,119,10,37,112,150,0,499,Uttar Pradesh,2014-15,841,1814,153,251,295,549,1,3904,920,2933,191,611,872,1386,3,6916,1730,5112,618,1709,2399,2963,7,14538,1383,3511,402,1021,1772,2198,6,10293,1081,3835,297,1049,2240,2133,6,10641,450,1919,69,398,978,751,2,4567,593,2423,104,529,1220,873,2,5744,358,1008,211,915,2357,937,2,5788,24892,81134,4293,14753,29845,55367,125,216524,8546,13624,1158,2410,6437,10487,20,42731,700566,2572164,63276,239080,419203,1641910,792,5645150,Uttar Pradesh,2014-15,1837369,1855617,1783529,1589200,1758056,1573288,1430944,1269469,1328054,1213193,13294,12512,21609,17467,41666,28570,17556,13145,23680,16666,9822,8076,1850,1383,1835,1338,1159,933,1130,827,5645,5567,5387,4582,1794,1432,2473,827,2824,1597892,755230,1166221,557050,45211,22166,28801,14557,3327088,1566343,2619594,1239186,468163,237803,356793,189451,119130,2378,8086,71547,814,4950,500512,487186,264209,236296,0,0,881509,884988,439478,379801,0,0,333734,346954,609797,536783,558260,491463,86540,93733,297977,269499,684929,594009,35074,42755,172068,166821,514867,487816,62499,55147,0,0,402292,347509,87992,78440,538162,472926,385068,346083,277474,248218,479165,427299,150517,145669,375827,361373,273209,228441,238696,204066,7440,7060,576348,495281,230757,210663,192044,177365,5864,6415,479477,444613,708219,433256,43128,12378,99049,825236,191466,23372,11285,85133,653861,389710,39634,12177,99091,792449,168103,21613,10437,87754,70697,126510,74900,121024,2300,3362,155046,291438,63615,121303,66743,113858,2018,3528,141567,278822,125408,46588,87229,26709,2462,1289,244357,69537,115365,44066,78367,23708,2171,1146,224623,66947,16333,7711,6619,2254,233,164,18049,5871,14783,7222,6351,2053,224,177,17099,5626,4013,4401,3647,3566,72,66,9497,8266,3690,3871,3373,3194,61,77,8794,7885,4005,679,3516,229,86,6,10617,633,3731,403,3323,168,82,11,9627,627,Uttar Pradesh,2014-15,13208,27563,77908,1986,391,14,4042,9051,27876,862,163,2,1,8,14,1,0,329,291,577,970,27,8,0,147,180,396,12,0,0,0,0,0,0,0,0,2823,78013,3774,6586,1647,30100,930,26524,1322,2390,724,10841,0,30,10,0,1,312,3593676,3553106,3197067,3318000,2523038,2518942
9,2014-15,UTTAR PRADESH,240928,199581.48,17.31,20.09,908,20.7,0.6,69.72,79.24,59.26,Bihar,2014-15,38,537,40631,5625,7396,806,88,2255,251,1316,2367,313,646,56,2120,187,1152,1936,204,160,32,135,64,164,431,109,189752,38794,262512,43605,725006,2346756,513257,4119682,116915,21328,243234,32791,627087,1826005,337764,3205124,72837,17466,19278,10814,97919,520751,175493,914558,2652,775,4014,1174,11996,29645,6756,64661,1419,485,3630,827,10330,21818,4222,49617,1233,290,384,347,1666,7827,2534,15044,7,0,43,3,1,3,0,57,13,0,5,6,12,17,14,67,793,88,2246,251,1312,2352,300,7342,728,78,2063,195,1070,1857,276,6267,713,67,2016,149,836,1562,239,5582,13,17,15,49,229,355,37,715,4,5,14,5,33,54,0,115,789,66,2226,197,1054,1958,276,6566,169,26,392,28,129,167,94,1005,793,86,2234,246,1290,2326,303,7278,415,72,841,83,459,1135,203,3208,406,42,1077,100,638,1311,141,3715,268,20,895,51,325,668,89,2316,659,82,1889,210,1212,2279,266,6597,189,37,180,33,385,905,168,1897,654,79,1739,174,867,1744,259,5516,8,3,11,3,10,30,10,75,135,30,69,6,43,122,176,581,427,57,982,119,663,1092,232,3572,60,22,68,13,96,178,51,488,25,15,25,7,15,26,21,134,Bihar,2014-15,140,38,89,9,78,372,44,770,150,35,114,20,211,482,107,1119,572,66,1526,159,1023,1834,235,5415,398,52,1295,65,291,638,117,2856,258,58,794,161,1074,2118,133,4596,120,29,345,56,395,677,69,1691,126,32,389,50,371,797,48,1813,69,8,109,5,11,9,6,217,3914,750,3362,927,8688,21635,3985,43524,617,217,854,248,2228,6313,1014,13982,84562,18345,132988,25466,369782,1127850,215215,1974208,Bihar,2014-15,1045516,1077217,816830,799567,733136,688636,306820,255255,288688,230750,4480,4757,5087,5194,5065,5187,3994,2109,3311,2774,7856,6396,3014,2065,2144,1609,324,310,256,261,855,840,811,907,307,231,306,279,295,442287,205124,137008,57156,40975,19613,18167,8088,1999473,978393,621482,277573,349475,187246,118140,57711,22499,2523,3723,10909,494,1340,83315,84569,132081,123579,0,0,745936,759411,271841,256604,0,0,173675,186020,276804,273970,276399,254875,34937,37770,96583,103808,299481,277644,7595,9397,39537,40415,157256,155503,5084,3275,0,0,70155,58656,5916,5578,122730,100125,74359,58939,62919,55263,113719,87064,45669,37679,94056,78369,110847,114333,90687,70997,9038,7151,404796,355022,89643,90066,64153,44267,6333,4816,324001,263663,69919,84785,11665,386,281,94131,45307,5647,255,359,59548,83053,11814,320,209,77031,41977,5592,248,242,14677,25402,9071,9850,1280,1807,30497,49097,11353,21565,7934,8641,1536,2003,25648,41987,26868,13041,10643,3837,1489,642,54666,22817,18387,9068,7560,3075,1261,825,37557,15667,4108,1674,1327,400,251,90,6145,2068,3081,1383,1235,400,206,240,4558,1880,185,166,75,71,5,22,429,347,192,160,69,69,10,17,373,305,525,756,0,0,0,0,757,992,467,663,0,0,0,0,699,917,Bihar,2014-15,5844,12758,27149,2060,96,1962,2236,3576,7091,579,39,420,0,3,7,0,0,667,20,44,61,3,2,3,5,16,19,1,0,0,0,0,0,0,0,0,2242,23933,1814,2518,500,18995,784,7025,449,623,100,5001,0,5,0,0,0,672,2141782,1768836,1408840,1253706,427435,370917
10,2014-15,BIHAR,94163,103804.64,8.36,25.07,916,15.9,1.3,63.82,73.39,53.33,Sikkim,2014-15,4,29,760,111,224,81,6,135,2,0,0,0,66,6,122,2,0,0,0,15,0,13,0,0,0,0,30772,970,10080,116,0,0,0,41938,22562,970,8815,116,0,0,0,32463,8210,0,1265,0,0,0,0,9475,1425,66,676,7,0,0,0,2174,1111,66,573,7,0,0,0,1757,314,0,103,0,0,0,0,417,0,0,5,0,0,0,0,5,0,0,0,0,0,0,0,0,81,6,134,2,0,0,0,223,79,5,134,2,0,0,0,220,77,6,133,2,0,0,0,218,3,0,0,0,0,0,0,3,2,1,0,0,0,0,0,3,76,5,135,2,0,0,0,218,5,1,10,1,0,0,0,17,80,6,132,2,0,0,0,220,79,5,119,1,0,0,0,204,16,0,14,0,0,0,0,30,3,0,6,0,0,0,0,9,76,4,108,0,0,0,0,188,34,2,12,0,0,0,0,48,43,4,56,1,0,0,0,104,4,1,3,0,0,0,0,8,65,3,66,0,0,0,0,134,77,4,118,1,0,0,0,200,7,4,7,0,0,0,0,18,8,3,7,0,0,0,0,18,Sikkim,2014-15,48,4,42,0,0,0,0,94,26,4,16,0,0,0,0,46,68,5,117,1,0,0,0,191,76,5,124,1,0,0,0,206,62,4,108,1,0,0,0,175,48,2,69,1,0,0,0,120,54,3,78,0,0,0,0,135,1,1,2,1,0,0,0,5,816,43,351,9,0,0,0,1219,701,15,332,3,0,0,0,1051,16780,522,5157,65,0,0,0,22524,Sikkim,2014-15,7015,7701,7303,7990,4707,5444,4176,5031,3228,4059,44,36,413,448,97,89,46,56,0,0,52,56,25,20,22,12,9,6,5,4,33,35,35,43,18,23,15,4,5,1516,783,944,506,9324,5129,6133,3504,11147,5784,7042,3818,269,109,233,116,539,66,78,397,30,89,365,380,71,79,0,0,1243,1434,365,530,0,0,1710,1971,1278,1325,213,215,1425,1593,1596,1740,768,874,2272,2323,3993,4316,3726,4355,2,0,0,0,174,211,3,0,615,919,138,195,1178,1238,534,600,2207,2663,2553,3264,749,761,254,303,1581,1925,1965,2155,738,753,241,281,1527,1878,1931,2144,1580,759,509,426,234,2403,896,458,297,263,1026,522,378,304,228,1731,653,304,220,267,133,190,76,88,415,613,418,655,133,189,69,87,386,610,390,626,182,128,29,31,237,285,290,405,167,121,29,24,207,255,263,362,78,76,23,20,148,127,204,188,71,73,21,16,133,113,194,180,64,35,17,20,119,100,118,139,62,34,18,25,107,102,115,141,26,13,5,3,26,61,42,71,25,13,5,1,28,63,45,71,Sikkim,2014-15,39,455,577,33,1,0,36,414,546,19,0,0,0,0,0,0,0,0,0,9,9,0,0,0,3,13,20,0,0,0,0,0,0,0,0,0,17,519,39,58,6,484,29,479,27,70,8,438,0,0,0,0,0,0,15396,15052,12975,10118,8484,6515
11,2014-15,SIKKIM,7096,607.69,9.85,12.36,889,4.6,33.8,82.2,87.29,76.43,Arunachal Pradesh,2014-15,20,99,2912,237,389,63,49,212,38,0,27,0,32,35,154,35,0,15,0,31,14,58,3,0,12,0,18820,22893,17854,2769,0,25300,0,87852,8423,11429,11963,2586,0,8504,0,43028,10397,11464,5891,183,0,16796,0,44824,699,744,1027,210,0,679,0,3386,302,466,707,186,0,323,0,2001,397,278,320,24,0,356,0,1385,0,0,6,0,0,0,0,6,0,0,0,0,0,0,0,0,63,49,212,38,0,27,0,389,62,49,212,38,0,27,0,388,63,49,206,27,0,27,0,372,0,0,5,10,0,0,0,15,1,0,0,0,0,0,0,1,62,49,207,28,0,27,0,373,9,7,39,0,0,2,0,57,63,44,202,36,0,24,0,369,61,47,172,35,0,27,0,342,12,9,45,12,0,4,0,82,9,6,35,8,0,4,0,62,51,42,135,21,0,17,0,266,16,9,19,9,0,8,0,61,54,44,162,27,0,25,0,312,1,1,4,0,0,3,0,9,20,23,24,11,0,17,0,95,57,42,148,26,0,21,0,294,29,24,76,16,0,12,0,157,27,25,78,18,0,15,0,163,Arunachal Pradesh,2014-15,43,24,61,8,0,9,0,145,22,9,36,6,0,5,0,78,54,39,164,23,0,21,0,301,39,23,130,23,0,15,0,230,41,46,153,27,0,26,0,293,20,30,77,11,0,19,0,157,36,33,105,21,0,18,0,213,6,1,13,16,0,1,0,37,429,384,524,91,0,361,0,1808,206,184,375,70,0,168,0,1013,9069,11129,8548,1403,0,12566,0,42803,Arunachal Pradesh,2014-15,16101,16022,15220,13887,12027,11649,9919,9571,7883,7696,52,52,534,292,205,133,185,164,408,338,337,358,101,101,81,63,47,39,42,48,40,42,39,39,12,3,17,0,0,137,61,83,40,39687,19443,27368,13665,315,138,173,89,244,113,167,78,960,42,242,383,39,119,3039,2871,281,184,0,0,8745,8520,1732,1541,0,0,3084,3366,7196,6468,1400,1320,888,907,3973,3772,6209,5787,348,362,2038,1922,4418,4538,28,36,0,0,1118,951,23,41,3857,3913,836,950,3038,3096,3742,3329,1878,1575,3207,3337,2890,2410,45,40,8852,8517,93,65,2636,2258,42,40,7532,7428,80,63,6945,1387,357,0,0,6775,1302,269,0,0,5543,1327,215,0,0,5454,1187,216,0,0,1226,1084,10,9,4317,4579,13,9,779,682,8,8,3131,3275,8,9,360,253,11,6,1217,995,10,9,296,208,11,6,860,825,10,8,123,59,2,2,218,152,2,4,102,52,2,2,181,137,2,0,0,0,0,0,0,0,0,0,0,0,0,0,0,0,0,0,0,0,0,0,0,0,0,0,0,0,0,0,0,0,0,0,Arunachal Pradesh,2014-15,74,943,1314,30,0,0,39,401,557,12,0,0,0,0,0,0,0,0,0,9,3,0,0,0,0,3,1,0,0,0,0,0,0,0,0,0,24,1640,64,81,42,522,16,655,26,37,9,270,0,0,0,0,0,0,27085,26246,23370,20271,15808,13452
12,2014-15,ARUNACHAL PRADESH,83743,1382.61,16.48,25.92,920,0.0,68.8,66.95,73.69,59.57,Nagaland,2014-15,11,47,1493,124,712,98,44,317,214,12,4,23,29,28,170,201,10,2,11,69,16,147,13,2,2,12,32566,13410,20333,7985,756,1166,4906,81122,5777,5697,9155,7346,582,690,2341,31588,26789,7713,11178,639,174,476,2565,49534,1066,851,1079,1085,53,64,332,4533,210,417,480,1020,46,48,157,2380,856,434,599,65,7,16,175,2153,0,0,2,7,0,0,0,9,0,0,0,0,1,0,0,1,98,44,317,214,12,4,23,712,98,43,316,213,11,4,23,708,95,44,310,209,11,4,22,695,2,0,0,0,0,0,1,3,0,1,0,0,0,0,0,1,96,43,317,214,12,4,22,708,8,1,13,5,2,0,5,34,90,37,290,173,8,2,22,622,95,37,288,157,4,4,23,608,10,11,29,37,1,1,6,95,4,5,14,20,1,1,5,50,89,34,191,97,3,2,22,438,30,3,44,3,0,2,13,95,93,33,261,149,7,3,19,565,2,0,5,3,0,1,0,11,23,25,10,25,0,1,5,89,94,43,292,167,5,4,17,622,31,5,57,4,0,1,10,108,30,5,50,5,0,1,9,100,Nagaland,2014-15,72,8,103,11,0,1,5,200,32,12,50,15,0,1,4,114,78,24,207,100,4,3,9,425,53,15,153,64,2,2,6,295,48,40,155,177,12,4,15,451,24,14,81,86,7,3,11,226,35,21,122,108,7,3,8,304,1,3,10,10,3,0,0,27,767,248,806,466,24,22,124,2480,589,435,510,371,21,33,165,2125,16607,7006,9544,4155,444,514,1935,40205,Nagaland,2014-15,17749,17458,16331,16440,10094,10147,8012,7201,6480,6417,237,190,1016,1080,311,345,335,177,290,198,188,202,85,110,45,41,8,1,0,0,21,21,22,27,14,7,10,2,5,62,34,391,119,47663,24153,24791,12002,166,71,73,39,702,312,247,111,1601,86,123,564,11,40,1483,1534,158,137,0,0,12888,12172,941,883,0,0,2235,2413,7666,7433,560,492,675,692,4606,4624,4606,4437,468,647,2960,3363,4928,5218,58,48,0,0,430,490,18,20,2669,2740,301,384,2852,2390,1950,2027,2003,1533,4211,3986,843,761,37,30,5084,5364,90,33,760,659,24,21,4011,4203,10,4,5974,1222,687,0,9,5769,855,421,0,30,4834,956,588,0,5,5153,687,413,0,31,159,205,2,0,2861,2693,18,25,119,150,1,1,2177,2291,0,1,83,79,0,16,829,694,3,2,77,71,1,0,687,619,3,2,273,124,2,1,304,163,0,0,215,118,1,0,230,147,0,0,0,0,0,0,0,0,0,0,0,0,0,0,0,0,0,0,0,0,0,0,0,0,0,0,0,0,0,0,0,0,0,0,Nagaland,2014-15,203,1318,820,48,2,0,141,952,988,33,3,0,0,0,0,0,0,0,2,12,3,0,0,0,1,6,1,0,0,0,0,0,0,0,0,0,32,619,32,216,34,1475,39,631,31,104,23,1297,0,0,0,0,0,0,42698,39173,34741,22338,15057,12137
13,2014-15,NAGALAND,16579,1980.6,17.31,-0.47,931,0.0,86.5,80.11,83.29,76.69,Manipur,2014-15,9,35,2425,225,1084,94,23,699,152,41,21,54,71,14,539,92,34,7,38,23,9,160,59,7,14,16,35643,9006,51240,7819,2209,12445,23210,141572,27288,6061,36107,5371,2096,4430,12008,93361,8355,2945,15133,2438,113,8015,11202,48201,1500,521,4119,979,223,879,1101,9343,1168,256,3073,580,178,270,717,6263,332,265,1046,388,45,609,384,3069,0,0,6,0,0,0,0,6,0,0,1,0,0,0,0,1,94,23,697,152,41,21,53,1081,94,22,696,150,40,20,53,1075,93,23,691,141,38,20,50,1056,1,0,7,11,3,1,4,27,0,1,1,0,0,1,1,4,93,22,691,141,38,19,49,1053,20,5,91,13,0,3,7,139,94,22,692,150,30,21,54,1063,90,21,524,118,19,19,54,845,19,8,211,86,0,2,2,328,19,8,193,86,0,2,1,309,87,22,505,123,25,20,52,834,49,12,144,8,2,8,39,262,72,21,437,97,20,19,47,713,0,1,17,2,1,1,1,23,21,7,26,1,1,10,22,88,91,22,649,131,26,20,45,984,35,9,133,1,1,1,13,193,35,6,132,2,1,3,15,194,Manipur,2014-15,56,16,147,2,0,9,31,261,41,8,155,12,4,5,22,247,80,14,522,119,28,18,38,819,55,16,278,52,3,8,10,422,27,11,291,122,23,16,17,507,17,10,165,83,12,14,14,315,27,12,186,67,11,11,15,329,3,1,28,1,0,1,9,43,808,236,1940,352,121,238,461,4158,604,244,1799,455,70,460,511,4151,17256,4098,25214,4283,1143,5879,11209,69082,Manipur,2014-15,24812,24807,22248,21316,20517,20214,14883,13486,14842,14066,40,34,190,147,213,188,8,4,220,345,257,222,109,102,107,123,14,31,11,17,80,80,81,60,28,18,35,6,32,3478,1736,2282,1069,31979,15770,20077,9642,19053,9405,11534,5164,5821,2743,2430,1115,2197,205,538,996,47,158,2515,2578,19,26,0,0,19809,19245,2031,1867,0,0,1743,2134,17640,16768,1768,1785,618,662,2094,2133,16871,16430,127,188,464,522,1878,1999,0,0,0,0,578,549,0,0,11603,10442,829,749,1838,1703,11383,10923,864,792,2630,2394,6723,6510,797,805,6191,6266,4593,4181,5699,5347,679,608,5544,5458,3845,3422,3888,10636,371,0,0,3831,9343,311,0,0,3601,10586,383,0,0,3850,9476,298,0,0,729,937,136,83,2140,2140,213,189,595,685,120,67,1980,1959,174,132,4906,4231,491,367,2448,2430,2290,1879,4582,3583,471,349,2242,2262,2066,1653,210,213,8,9,197,119,21,29,93,82,7,9,185,104,18,16,0,0,0,0,0,0,0,0,0,0,0,0,0,0,0,0,0,0,0,0,0,0,0,0,0,0,0,0,0,0,0,0,Manipur,2014-15,39,2591,2356,188,3,0,37,1569,2361,147,5,0,0,0,0,0,0,0,0,10,5,0,0,0,0,13,19,0,0,0,0,0,0,0,0,0,127,1705,116,355,39,2850,98,1865,102,171,13,1902,0,0,0,0,0,0,49785,50141,42297,38248,29291,25899
14,2014-15,MANIPUR,22327,2721.76,21.16,18.65,987,3.8,35.1,79.85,86.49,73.17,Mizoram,2014-15,8,36,847,169,742,0,0,0,0,610,0,132,0,0,0,0,317,0,30,0,0,0,0,293,0,102,0,0,0,0,40711,0,22562,63273,0,0,0,0,14670,0,2339,17009,0,0,0,0,26041,0,20223,46264,0,0,0,0,4500,0,1520,6020,0,0,0,0,2139,0,227,2366,0,0,0,0,2361,0,1293,3654,0,0,0,0,2,0,0,2,0,0,0,0,1,0,0,1,0,0,0,0,610,0,132,742,0,0,0,0,608,0,132,740,0,0,0,0,604,0,132,736,0,0,0,0,2,0,0,2,0,0,0,0,0,0,0,0,0,0,0,0,608,0,132,740,0,0,0,0,75,0,16,91,0,0,0,0,570,0,126,696,0,0,0,0,533,0,125,658,0,0,0,0,309,0,24,333,0,0,0,0,209,0,2,211,0,0,0,0,288,0,27,315,0,0,0,0,43,0,20,63,0,0,0,0,214,0,75,289,0,0,0,0,2,0,1,3,0,0,0,0,0,0,0,0,0,0,0,0,304,0,86,390,0,0,0,0,76,0,30,106,0,0,0,0,77,0,28,105,Mizoram,2014-15,0,0,0,0,113,0,19,132,0,0,0,0,27,0,8,35,0,0,0,0,182,0,38,220,0,0,0,0,134,0,20,154,0,0,0,0,414,0,1,415,0,0,0,0,393,0,5,398,0,0,0,0,452,0,32,484,0,0,0,0,143,0,37,180,0,0,0,0,1477,0,502,1981,0,0,0,0,1575,0,675,2250,0,0,0,0,20208,0,11210,31418,Mizoram,2014-15,11072,10711,10803,10161,9700,10047,5909,5981,5443,5229,169,220,931,655,1355,1499,145,105,499,416,350,376,194,250,167,246,70,72,36,43,14,15,14,14,3,0,3,0,3,366,176,1790,927,39803,19793,20552,10178,94,42,39,23,86,37,45,23,932,260,285,294,99,109,650,729,32,38,0,0,3561,3784,1050,1144,0,0,4490,4286,3415,3637,914,1168,1585,1382,3492,3231,3076,3585,786,530,2814,2111,5710,5294,0,0,0,0,433,548,0,2,1438,1489,426,434,2169,2221,1161,1263,1869,1723,3856,3530,85,97,30,33,6874,7310,31,27,61,82,20,30,5658,5857,15,7,3753,1051,288,221,53,4019,918,227,163,41,3447,1105,272,167,33,3452,912,232,121,43,47,18,8,33,2587,3137,13,18,7,9,2,2,2206,2733,4,3,25,13,1,39,852,831,4,2,19,9,2,3,719,769,3,2,3,1,1,1,238,220,0,0,1,0,1,1,199,189,0,0,0,0,0,0,120,104,5,0,0,0,0,0,68,73,0,0,0,0,0,0,0,0,0,0,0,0,0,0,0,0,0,0,Mizoram,2014-15,140,2080,1516,33,1,0,80,1098,1057,14,1,0,0,0,0,0,0,0,0,0,0,0,0,0,0,0,0,0,0,0,0,0,0,0,0,0,297,1534,36,45,13,1845,222,844,15,24,8,1137,0,0,0,0,0,0,23691,20625,20447,20111,9838,11646
15,2014-15,MIZORAM,21081,1091.01,40.42,22.78,975,0.1,94.4,91.58,93.72,89.4,Tripura,2014-15,8,69,1085,368,984,328,68,578,10,0,0,0,242,45,515,7,0,0,0,86,23,63,3,0,0,0,118510,27507,56524,793,0,0,0,203334,81123,17676,49970,494,0,0,0,149263,37387,9831,6554,299,0,0,0,54071,5968,1475,2941,54,0,0,0,10438,3916,906,2508,34,0,0,0,7364,2052,569,433,20,0,0,0,3074,0,1,5,0,0,0,0,6,0,0,0,0,0,0,0,0,328,68,578,10,0,0,0,984,325,63,577,10,0,0,0,975,319,60,577,6,0,0,0,962,5,8,1,4,0,0,0,18,3,5,1,0,0,0,0,9,320,55,576,6,0,0,0,957,61,8,64,1,0,0,0,134,325,68,570,10,0,0,0,973,325,67,456,8,0,0,0,856,132,24,231,2,0,0,0,389,108,19,179,2,0,0,0,308,223,58,291,5,0,0,0,577,19,11,9,0,0,0,0,39,218,44,198,5,0,0,0,465,2,0,0,0,0,0,0,2,18,7,51,0,0,0,0,76,278,66,318,9,0,0,0,671,68,29,29,0,0,0,0,126,62,13,55,1,0,0,0,131,Tripura,2014-15,38,7,25,0,0,0,0,70,202,52,138,4,0,0,0,396,276,60,473,8,0,0,0,817,208,33,342,7,0,0,0,590,261,54,451,9,0,0,0,775,268,53,455,8,0,0,0,784,278,59,466,8,0,0,0,811,2,1,3,3,0,0,0,9,1878,482,1094,21,0,0,0,3475,2145,428,698,22,0,0,0,3293,57239,11278,28571,556,0,0,0,97644,Tripura,2014-15,33425,32662,44171,43141,30235,29427,16072,13448,15212,11628,132,107,11145,11128,6193,5594,822,445,1175,693,244,173,189,152,92,92,44,40,37,32,114,115,110,93,19,4,16,11,5,30674,15263,11660,5075,51119,24147,13875,5910,30699,15344,14053,6266,14695,8320,4476,2057,1664,223,418,821,149,194,984,811,29,16,0,0,23471,22923,1259,1312,0,0,6964,6908,25495,24511,1058,919,1412,1481,11511,11482,17271,16809,594,539,5877,5820,11908,11699,0,0,0,0,565,355,0,0,8461,6915,603,397,4839,4349,8138,6005,2207,1829,6471,5226,4986,5007,4035,3758,6402,5502,4705,4489,4055,3804,3035,2652,3396,2777,3730,3368,11676,2922,1103,0,6,11065,1895,239,0,0,11360,2536,933,0,5,9606,1498,189,0,0,2038,2135,2041,1483,2346,1818,2198,2026,1617,1742,1515,1152,1594,1297,1694,1597,1044,722,460,276,323,190,661,354,921,676,412,251,259,166,606,344,349,60,160,32,169,35,255,26,266,52,132,34,133,32,214,31,0,0,0,0,0,0,0,0,0,0,0,0,0,0,0,0,18,0,0,0,0,0,0,0,18,0,0,0,0,0,0,0,Tripura,2014-15,62,3071,3943,43,3,0,26,964,2270,29,1,0,0,0,0,0,0,0,2,6,14,1,0,0,1,2,0,0,0,0,0,0,0,0,0,0,145,2374,47,1595,54,2930,102,1137,31,658,11,1354,0,0,0,0,0,0,67709,64669,88625,56310,28405,24625
16,2014-15,TRIPURA,10486,3671.03,14.87,14.75,961,17.8,31.8,87.75,92.18,83.15,Meghalaya,2014-15,11,41,6144,540,1419,23,48,95,146,924,86,97,10,30,64,113,810,59,59,13,18,31,33,114,27,38,6922,14757,5477,11607,55607,27638,22016,144024,2443,8571,3024,8210,46257,16642,5638,90785,4479,6186,2453,3397,9350,10996,16378,53239,463,822,519,897,5083,1470,983,10237,157,464,320,652,4298,901,429,7221,306,358,199,245,785,569,554,3016,0,0,5,1,23,0,1,30,0,0,0,0,28,0,1,29,23,48,95,144,887,86,92,1375,22,45,82,123,558,70,69,969,20,44,86,123,568,68,66,975,3,3,0,2,20,10,7,45,1,0,2,0,4,1,0,8,19,45,93,144,900,75,90,1366,4,4,6,5,26,10,3,58,23,47,82,126,663,80,81,1102,23,46,85,129,576,81,85,1025,7,13,14,37,127,19,15,232,4,5,3,24,41,6,3,86,21,31,38,56,209,54,54,463,11,6,6,7,13,11,28,82,23,26,72,84,443,55,74,777,0,0,2,1,10,5,1,19,6,13,5,4,4,11,9,52,22,44,82,104,431,72,78,833,3,9,11,9,31,10,6,79,3,12,11,11,48,12,9,106,Meghalaya,2014-15,16,17,22,22,48,32,30,187,5,11,2,19,38,14,13,102,19,38,63,90,440,63,59,772,13,12,31,53,247,25,23,404,14,36,38,74,533,40,35,770,8,5,9,14,101,14,27,178,6,7,12,25,203,22,20,295,1,0,9,8,217,6,22,263,176,280,214,314,2000,521,390,3895,299,357,337,443,2310,789,643,5178,3433,7572,2719,6387,29719,16013,11778,77621,Meghalaya,2014-15,31049,34987,26232,29967,20263,23068,9938,12434,9970,12152,1396,1413,1894,2178,1321,1544,204,203,585,583,151,162,105,107,61,70,8,12,9,7,66,64,62,76,15,9,16,6,7,1762,994,476,235,88135,47390,38961,22108,850,430,463,216,3394,1636,1315,518,2004,561,536,742,29,99,2652,2664,103,95,0,0,7619,8531,1453,1693,0,0,10414,12144,8282,9638,1221,1414,6158,7176,9138,10159,7022,7972,4206,4472,7256,8382,12020,13682,0,0,0,0,757,678,10,10,3402,4396,1316,1578,3491,4463,2397,3275,2288,2897,6247,7289,1629,1404,173,147,10596,12718,154,150,1316,1120,131,117,7938,9515,112,114,6663,1883,1387,4,0,9613,1908,911,2,0,6869,1787,1309,5,0,9538,1691,919,4,0,418,553,46,38,4545,6784,49,35,278,421,33,29,3413,5572,40,30,341,211,24,12,1168,1279,24,27,284,196,15,9,889,964,19,23,516,273,20,13,749,500,13,4,366,220,15,13,446,344,10,3,0,0,0,0,1,1,0,0,0,0,0,0,1,1,0,0,0,0,0,0,0,0,0,0,0,0,0,0,0,0,0,0,Meghalaya,2014-15,255,3214,1477,65,3,10,151,2765,2120,92,3,5,0,0,0,0,0,0,2,23,10,0,0,0,2,24,16,0,0,0,0,0,0,0,0,0,32,1413,73,258,32,3251,29,1838,86,249,36,2940,0,0,0,0,0,0,57085,52769,42520,33270,13605,11439
17,2014-15,MEGHALAYA,22429,2964.01,15.32,27.82,986,0.6,86.1,75.48,77.17,73.78,Assam,2014-15,27,145,21802,3416,8307,132,662,1297,1303,3979,284,650,67,506,926,1063,3676,258,492,65,156,371,240,303,26,158,34641,265347,64877,178210,507464,68837,199293,1318669,12836,191510,40316,143473,470207,64163,138684,1061189,21805,73837,24561,34737,37257,4674,60609,257480,1810,13960,7331,14307,36487,3264,10696,87855,814,9731,5047,11589,33774,3024,6881,70860,996,4229,2284,2718,2713,240,3815,16995,0,1,4,6,41,1,4,57,1,0,4,1,2,1,0,9,132,662,1297,1303,3979,284,650,8307,124,538,1163,989,2373,201,470,5858,116,471,1108,710,1708,155,419,4687,5,42,3,249,447,7,40,793,0,53,3,36,6,4,0,102,127,567,1291,1018,3526,273,610,7412,28,35,151,64,179,13,36,506,124,650,1229,1227,3453,243,630,7556,120,592,998,987,1875,169,556,5297,21,102,143,296,468,32,114,1176,11,57,33,125,108,10,32,376,115,589,851,1000,2202,184,520,5461,52,71,108,34,37,12,222,536,116,523,1003,758,1419,192,497,4508,0,0,6,1,1,1,0,9,0,0,0,0,0,0,0,0,109,425,927,574,927,73,362,3397,21,40,79,20,21,8,78,267,19,24,61,13,24,1,103,245,Assam,2014-15,70,82,196,122,154,6,74,704,45,80,98,89,166,16,93,587,108,490,763,836,2645,160,456,5458,68,204,432,416,841,44,112,2117,36,629,347,1164,3340,253,399,6168,12,349,80,621,1342,108,234,2746,23,247,148,518,1260,84,171,2451,15,6,187,19,56,14,78,375,1103,4351,3299,3975,12020,1499,2956,29236,876,4949,3523,4874,9913,833,3813,28781,16749,121713,28850,98028,276989,35327,97469,675125,Assam,2014-15,277957,300081,255773,279632,194941,211424,95809,90460,97021,93609,867,634,19459,23153,13696,17133,1131,925,3002,2857,3598,3069,1403,1307,1007,1034,115,80,122,81,167,167,165,193,70,39,63,14,15,98095,51012,32165,15070,165640,83697,68244,33005,287151,145972,110205,54421,231020,128443,76496,37570,10167,6922,6024,3602,1111,1361,35832,37663,8390,8741,0,0,162161,172627,28099,29110,0,0,66023,73359,136333,146583,25145,27606,11447,13191,62664,72215,104255,111346,2494,3241,20287,22983,65541,72472,79,75,0,0,9643,9472,81,95,51037,48354,10182,10376,25783,24424,50922,49274,9267,8135,35836,33864,63173,69651,16346,17169,32879,33562,53726,56007,46646,46052,10507,9678,19528,17508,36338,32268,59250,9959,5774,345,696,64138,5134,2516,162,404,61758,8584,5606,399,486,67509,4091,2163,169,235,24170,27143,5557,5572,11943,12988,19503,22064,19496,21928,4152,4289,8672,9627,14604,16602,4358,1879,788,477,1632,787,3088,1404,3621,1576,685,337,1223,667,2543,1265,2814,1061,537,150,766,255,1567,471,2189,885,443,142,627,241,1362,396,194,71,52,27,83,44,295,106,179,80,77,31,90,65,269,152,676,332,16,15,0,0,34,33,435,190,7,5,0,0,22,22,Assam,2014-15,3255,39995,14492,1316,1,0,1571,16981,9507,713,0,0,0,0,0,0,0,0,0,12,3,0,0,0,2,7,0,0,0,0,0,0,0,0,0,0,188,6638,270,2303,259,49416,83,4342,178,1331,136,22711,0,0,0,0,0,0,591435,587946,517378,392792,201400,163655
18,2014-15,ASSAM,78438,31169.27,11.03,16.93,954,7.2,12.4,73.18,78.81,67.27,West Bengal,2014-15,21,470,41158,3828,10027,573,6072,297,3071,1,1,12,208,4581,191,2286,1,0,10,364,1491,106,785,0,1,2,110339,3629477,15876,467122,0,31,4426,4227717,49632,2786051,10654,383273,0,0,3520,3233429,60707,843426,5222,83849,0,31,906,994288,6073,72895,1214,15352,0,8,117,95696,1618,52959,712,11675,0,0,92,67089,4454,19936,502,3677,0,8,25,28606,0,3,10,26,0,0,0,39,3,0,0,4,0,0,0,7,571,6071,296,3070,0,1,12,10021,497,5458,275,2833,0,1,11,9075,423,5071,268,2268,0,1,10,8041,54,969,12,756,0,0,1,1792,61,600,10,219,0,0,0,890,458,4503,275,2096,1,1,10,7344,83,1262,57,520,0,0,1,1923,562,6054,294,3050,0,1,11,9972,534,5960,270,2874,0,1,11,9650,94,2881,51,1300,0,0,2,4328,80,2692,42,1198,0,0,2,4014,435,5842,215,2786,0,0,10,9288,163,1716,66,38,0,0,3,1986,490,5030,230,2107,0,1,11,7869,8,1,11,0,0,0,0,20,100,1227,21,14,0,0,6,1368,386,3935,199,1731,0,0,7,6258,44,948,34,257,0,0,2,1285,31,243,24,91,0,0,1,390,West Bengal,2014-15,213,2616,79,521,0,0,7,3436,116,1080,33,352,0,0,2,1583,344,4153,190,1698,0,0,6,6391,275,3748,145,1796,0,0,2,5966,68,1797,55,774,0,0,3,2697,40,1375,22,585,0,0,3,2025,42,1526,28,723,0,0,2,2321,17,21,48,38,1,0,1,126,3407,49975,588,8030,0,4,105,62130,3390,25118,530,6270,0,2,32,35358,49831,1845178,7834,293680,0,17,1785,2198598,West Bengal,2014-15,742433,826309,695818,809631,522302,603139,426731,422187,384268,363641,7205,7291,45168,59601,11094,15029,5279,4541,4759,4812,7713,6941,5759,5368,4522,3943,2018,1727,1571,1296,2373,2324,2395,2391,198,159,2798,96,260,734359,376872,403088,188293,148414,75373,76474,34719,414341,224357,252483,123097,701403,423088,348559,188979,27616,3180,4324,20741,2705,3199,217151,225669,74967,82184,0,0,296082,326830,188789,209127,0,0,147675,169407,246760,283010,158063,167506,55127,68504,117839,141341,210299,240469,26398,35898,67503,94006,153926,195148,1064,776,0,0,116084,107585,964,929,170130,164702,111845,98868,89370,92601,151322,142706,50048,56502,120102,121069,239790,286507,134224,137951,25960,26922,73156,81137,213454,237273,111311,105465,18899,17705,62693,63059,329778,52465,28875,14286,1215,378533,28847,8916,4790,991,295109,48681,26998,11737,1583,323225,26421,8407,3910,1550,121501,152623,81528,73555,15920,13478,44179,44271,99029,122895,62172,54106,11146,9253,34247,32349,35502,18391,7743,3270,1090,519,6243,3557,29597,15914,6421,2882,837,429,5119,2154,22321,6573,4002,1008,636,5812,2966,794,19416,6076,3412,868,514,218,2519,637,8773,2691,3202,946,656,173,1903,639,7690,2459,2845,847,529,141,1586,613,702,310,110,61,13,51,146,120,537,332,73,39,8,28,115,128,West Bengal,2014-15,1056,21719,36015,1060,0,22,709,12018,21712,480,0,26,0,0,1,0,0,33,12,223,191,6,0,0,23,208,176,5,0,1,0,0,0,0,0,0,273,41891,793,1457,255,15635,322,23765,493,823,168,9787,0,0,0,0,0,34,1589387,1483353,1390705,1090742,794935,707889
19,2014-15,WEST BENGAL,88752,91347.74,24.55,13.93,947,23.5,5.8,77.08,82.67,71.16,Jharkhand,2014-15,24,260,27936,2262,4563,363,397,2070,629,662,186,256,156,337,1793,481,513,149,169,207,60,277,148,149,37,87,172982,98193,273129,204120,270288,205997,350535,1576107,52536,62921,233858,159943,204751,157787,206604,1079055,120446,35272,39271,44177,65537,48210,143931,497052,4100,1938,4061,3881,3324,1834,2797,23878,1294,1342,3016,2737,2351,1316,1842,15382,2806,596,1045,1144,973,518,955,8496,2,7,18,3,1,0,0,31,5,13,27,8,49,1,9,112,361,388,2061,627,659,186,256,4538,340,342,1920,539,555,148,225,4069,342,143,1889,410,433,159,186,3562,6,216,25,145,140,4,43,579,6,10,29,36,33,18,1,133,351,171,2016,448,489,164,212,3851,54,36,183,39,57,18,49,436,360,367,2012,605,638,182,247,4411,320,265,902,346,384,131,197,2545,59,103,606,134,172,54,85,1213,25,32,416,38,58,19,39,627,345,308,1885,568,594,174,225,4099,108,33,132,44,38,11,94,460,334,293,1198,419,439,142,214,3039,14,22,20,13,9,1,12,91,179,32,95,24,17,24,111,482,327,230,1448,512,477,137,186,3317,23,35,57,30,30,22,22,219,13,144,35,26,16,3,14,251,Jharkhand,2014-15,257,106,240,84,40,16,48,791,178,65,181,82,48,11,62,627,305,209,1034,473,426,150,179,2776,239,246,1237,312,289,78,73,2474,106,262,1338,339,534,172,67,2818,74,109,413,131,245,82,39,1093,90,139,390,168,253,85,37,1162,20,226,110,38,13,1,40,448,3737,1877,4429,2392,3869,2015,3113,21620,1727,880,1266,1363,975,406,663,7922,68709,55455,136169,108843,150029,76472,167041,763171,Jharkhand,2014-15,333367,337266,272866,263779,241501,235882,152208,136286,146361,127224,2515,2205,4409,3539,2582,1913,623,1518,2711,2748,3314,3138,817,916,678,845,165,261,148,238,509,507,485,486,269,159,212,121,117,127590,62041,60849,28637,235799,116550,118308,59340,505392,253318,225763,104779,88249,46849,34332,17852,13501,703,615,5957,123,236,54590,51083,14951,14667,0,0,204180,207333,70168,65124,0,0,56628,59264,116234,110775,64114,60778,13482,14300,49490,50323,109707,105516,4487,5286,22023,22890,67680,69588,2118,749,0,0,33835,26279,2561,1516,60752,53500,36009,29416,37317,33817,56526,47737,18186,21941,51265,48555,29392,25814,25316,22982,47420,47536,103536,99598,26877,22728,19998,16296,37267,34501,87808,79035,80795,38158,21651,844,1286,88865,24276,16552,424,675,78983,35353,20692,927,1830,84576,21554,14956,384,946,7448,8305,5405,5437,9679,13446,16657,20152,7161,7333,4356,4315,8303,10952,13416,16222,16349,7203,3848,1506,5530,3274,13852,5555,12990,5400,2811,1197,3821,3423,9906,3800,7616,5188,1973,1125,2759,1877,6068,3855,6426,4391,1529,836,2125,1527,4390,2750,104,48,53,44,145,148,246,161,88,81,49,34,136,134,228,163,80,74,22,5,67,56,604,648,72,69,18,4,59,51,555,601,Jharkhand,2014-15,1160,5621,7516,650,39,22,662,2873,3816,305,14,4,0,0,0,0,0,0,133,596,205,14,0,0,45,135,62,6,0,0,0,0,0,0,0,0,971,8346,573,1823,275,3968,348,4853,235,528,104,1854,0,0,0,0,0,0,679054,662009,521708,482484,266042,240614
20,2014-15,JHARKHAND,79714,32966.24,18.18,22.34,947,12.1,26.2,67.63,78.45,56.21,Odisha,2014-15,30,420,39260,4927,9491,113,53,1782,7310,233,0,0,37,40,1448,6641,222,0,0,76,13,334,669,11,0,0,42830,13616,136207,1024009,33627,0,0,1250291,10711,10685,96876,900635,31732,0,0,1050641,32119,2931,39331,123374,1895,0,0,199650,1618,686,6711,52606,1540,0,0,63294,434,510,4891,46439,1438,0,0,53823,1184,176,1820,6167,102,0,0,9471,0,0,37,58,0,0,0,95,2,0,9,11,1,0,0,23,112,53,1778,7267,232,0,0,9442,109,50,1686,6385,206,0,0,8436,100,47,1485,5236,151,0,0,7019,5,2,72,792,16,0,0,887,2,1,2,133,4,0,0,142,106,50,1708,6385,213,0,0,8462,20,14,340,699,8,0,0,1081,113,53,1763,7256,230,0,0,9415,111,52,1092,4956,154,0,0,6365,33,21,703,2693,64,0,0,3514,21,15,525,1556,32,0,0,2149,107,53,1713,6927,221,0,0,9021,44,19,88,232,0,0,0,383,113,52,1483,5498,165,0,0,7311,1,1,43,144,2,0,0,191,39,26,50,158,14,0,0,287,91,40,907,3117,119,0,0,4274,22,27,188,493,4,0,0,734,9,24,153,355,4,0,0,545,Odisha,2014-15,81,36,257,591,4,0,0,969,30,24,327,3053,100,0,0,3534,98,46,732,5267,158,0,0,6301,86,46,1234,3758,121,0,0,5245,28,27,1170,6354,194,0,0,7773,10,4,158,1116,26,0,0,1314,15,10,580,3415,73,0,0,4093,13,7,57,113,3,0,0,193,961,330,4096,17485,732,0,0,24256,858,226,3015,13925,406,0,0,18503,19423,5958,65546,510094,16962,0,0,617983,Odisha,2014-15,355107,343160,320821,311743,298189,294808,7037,6049,6261,5383,1314,1073,1875,1468,1057,860,41,81,19,17,6644,5161,3087,2585,2421,2089,13,9,11,6,71,72,72,77,54,28,26,8,7,237368,118926,2314,1058,244626,119786,4466,2156,550589,274210,2221,1002,19781,10826,153,57,14949,3525,3863,467,12,54,169005,161441,14611,16473,0,0,134924,131611,128973,122044,0,0,38544,38062,119660,118194,132548,127752,9599,9082,41821,40057,111300,112404,3022,2950,14899,14238,53442,53913,35,40,0,0,5299,4478,30,35,1284,1124,4764,3811,374,315,1153,1178,45,92,314,359,38034,38019,46426,47982,42964,42747,113021,116677,33339,33139,36931,36653,35303,34274,103053,98126,292,1788,252,0,0,244,1333,194,0,59,173,1436,198,0,0,174,1016,128,0,0,20,44,24,11,33,22,14,21,9,20,10,4,6,5,10,21,1445,941,165,114,329,312,206,142,992,730,204,111,253,267,174,123,287,324,116,53,93,54,44,27,212,206,76,50,78,42,53,33,6,0,3,4,5,3,6,0,2,0,3,4,5,3,6,0,0,0,0,0,0,0,0,0,0,0,0,0,0,0,0,0,Odisha,2014-15,6666,29893,7658,463,17,0,2286,11320,4540,304,8,1,0,0,0,0,0,0,47,34,11,2,0,0,7,26,11,0,0,0,0,0,0,0,0,0,1599,29155,2013,6149,276,5599,868,12278,924,1915,150,2368,0,0,0,0,0,0,715112,664001,628911,577088,9247,8235
21,2014-15,ODISHA,155707,41947.36,13.15,13.97,978,17.1,22.8,73.45,82.4,64.36,Chhattisgarh,2014-15,27,146,22173,2669,6225,1022,268,528,1312,681,2393,21,328,194,224,1258,619,1905,15,694,74,304,54,62,487,6,245438,67707,29253,134236,81511,986763,2990,1548199,72578,42053,13825,128867,74733,741908,2001,1076064,172860,25654,15428,5369,6778,244423,989,471703,9059,1806,2223,4531,3081,25634,128,46651,2429,1209,834,4319,2790,19689,97,31480,6630,597,1389,212,291,5942,31,15168,0,1,12,9,7,2,0,31,2,0,1,15,35,11,1,65,1022,268,527,1310,544,2294,13,5978,1014,246,524,1248,461,2002,11,5506,1010,241,524,1167,394,1828,10,5174,5,15,1,4,57,223,2,307,3,19,1,9,4,140,0,176,1014,234,526,1299,620,2030,19,5742,174,73,91,549,64,344,0,1295,1021,265,524,1279,612,2322,21,6044,1012,241,507,989,376,2071,10,5206,367,132,202,746,322,1324,7,3100,174,84,84,572,127,674,2,1717,977,246,487,1253,546,2266,13,5788,250,30,85,43,28,181,1,618,935,185,464,688,328,1673,12,4285,31,2,10,14,9,23,0,89,531,112,119,342,331,1785,12,3232,936,203,467,796,193,1229,8,3832,84,29,31,32,49,375,3,603,48,15,14,37,43,241,3,401,Chhattisgarh,2014-15,503,60,162,13,25,247,1,1011,441,52,176,87,159,828,3,1746,891,201,418,788,306,1540,13,4157,836,233,427,1216,477,1859,13,5061,684,225,306,1217,634,2330,19,5415,371,151,195,947,495,2104,10,4273,481,186,245,1067,561,2216,15,4771,147,48,105,190,259,234,11,994,7599,1492,1406,3003,1493,18168,65,33226,5357,737,1327,2077,1216,10574,58,21449,105432,29032,12317,69814,46598,506010,1496,770893,Chhattisgarh,2014-15,274559,268859,280290,275442,211752,224799,134063,135097,151201,135555,1249,1156,28766,22783,20888,19144,3148,1919,17063,8553,4764,3860,1377,1048,839,762,400,278,525,326,1278,1264,1155,1175,386,234,290,62,84,146138,73399,78671,37294,285492,146530,142865,70519,479424,241527,272192,133216,13127,6805,7919,4206,15271,1619,1573,11952,919,2362,25625,25979,2908,3238,0,0,129339,128504,29790,30353,0,0,82005,79665,112491,112633,19335,20755,27210,25483,82233,79883,84696,90320,10232,9014,52482,48901,107271,113045,0,0,0,0,12107,12471,0,0,49814,49899,13076,11801,38460,40080,49641,45519,33327,32014,87778,77499,20248,18175,31478,32196,58012,62658,103816,108461,15265,14078,16445,16820,30790,31057,58980,62842,42873,48671,21809,1721,6504,55125,46498,16229,936,3768,43844,60831,24158,1581,6490,53131,48521,16836,1058,3427,2653,3017,6186,7091,12828,16019,20625,25984,2040,2355,4330,5313,8644,10954,15204,19804,7718,6595,9767,7230,13846,10761,29934,23453,6422,5875,6935,5627,10135,8611,23769,20077,4354,4210,2963,1993,4190,2846,11698,7950,3372,3597,1956,1464,2651,1917,8290,6272,203,150,305,169,455,186,792,494,129,131,268,134,384,178,707,468,669,385,616,259,2096,1145,2260,917,539,328,497,179,1608,959,1788,683,Chhattisgarh,2014-15,562,2256,21667,333,21,19,834,2683,17292,324,7,39,0,0,0,0,0,0,48,100,192,4,0,0,51,105,109,5,0,0,0,0,0,0,0,0,3888,12046,532,473,247,8016,1647,11035,599,342,174,7652,0,0,0,0,0,0,548693,560229,530387,451710,265814,262673
22,2014-15,CHHATTISGARH,135191,25540.2,16.39,22.59,991,12.8,30.6,71.04,81.45,60.59,MADHYA PRADESH,2014-15,51,319,54734,3114,14476,3552,229,2516,49,4136,3984,10,944,87,950,21,3779,2686,6,2608,142,1566,28,357,1298,4,1044281,74307,196522,5572,625907,1868952,3449,3820406,262317,26769,76250,3006,573592,1161314,793,2104222,781964,47538,120272,2566,52315,707638,2656,1716184,23405,1860,8922,196,18389,42191,80,95385,5886,750,3451,97,16576,25102,33,52036,17519,1110,5471,99,1813,17089,47,43349,0,0,19,0,61,17,0,97,35,4,23,0,248,90,0,400,3552,229,2516,49,3416,3767,9,13538,3537,201,2509,47,3134,3371,9,12808,3505,214,2505,44,3075,3196,8,12547,42,15,5,5,214,471,1,753,9,26,5,2,46,247,0,335,3501,188,2506,42,3876,3266,9,13388,1516,109,971,16,948,842,3,4405,3548,229,2512,49,3921,3909,10,14178,3388,215,2368,43,1986,3092,8,11100,1597,90,999,21,1896,2070,6,6679,1258,70,731,16,1401,1562,5,5043,3431,221,2417,47,3428,3480,8,13032,840,70,455,14,256,429,2,2066,3365,214,2279,45,1842,2566,9,10320,76,5,66,2,23,46,0,218,1491,105,635,12,1029,1747,5,5024,3105,204,2215,44,1825,2639,9,10041,95,34,40,4,79,162,0,414,65,29,47,1,53,166,0,361,MADHYA PRADESH,2014-15,1220,75,597,6,50,337,3,2288,736,44,349,9,61,211,1,1411,3301,207,2311,48,2579,2893,9,11348,2922,177,1976,39,3301,3336,9,11760,1236,91,800,23,4019,3761,6,9936,863,88,501,11,3810,3547,3,8823,1302,126,794,22,3573,3330,2,9149,456,20,577,11,2555,768,3,4390,28882,1957,8330,200,10660,31816,93,82313,12779,650,4633,75,6372,14389,33,39099,411805,26450,76819,2020,326767,903834,2420,1750660,MADHYA PRADESH,2014-15,797084,764401,789752,695336,570768,488291,336737,277265,372489,289768,4782,3837,116336,102383,80386,70541,9496,6078,32987,19709,6223,4929,4220,2975,2322,1703,1098,844,1328,913,1980,1970,1851,1339,563,284,284,82,155,442205,200804,191637,80729,462381,230386,168901,79708,1173269,537358,586017,258732,86758,43398,42448,21761,44532,1963,3081,28337,1135,2304,185448,180767,31185,24342,0,0,334257,317852,140184,125958,0,0,185092,181833,260842,229386,90680,74820,62770,58498,193739,173183,193625,160939,29517,25451,163802,142467,286462,252533,973,892,0,0,50328,41133,1451,1310,110339,92546,55879,41253,90538,76896,117443,95099,84558,65799,197714,152108,95016,78805,78738,64368,69800,72598,219023,184775,68958,58309,45062,34745,36719,35103,135250,115815,87775,161347,57017,2977,27476,95681,118812,44629,1335,16637,88903,189636,58805,3350,31679,95573,129110,45434,1427,18207,7223,10341,10652,10125,10621,11073,26565,31231,4973,8078,6812,7257,7232,7735,17782,23984,43925,29478,23041,13984,13678,9722,68237,44328,35223,25070,16656,10584,9482,7232,52064,35964,16090,14798,6154,4396,3306,2120,22839,16786,12669,12756,4221,3401,2362,1613,16746,13979,828,386,693,313,826,556,1833,867,532,301,556,256,558,457,1494,773,2713,1522,2996,1475,3886,2263,10097,5309,2023,1218,2152,1036,2858,1750,7576,4133,MADHYA PRADESH,2014-15,2402,15994,36916,800,118,0,2154,11226,24900,693,90,0,0,0,0,0,0,0,8,29,19,0,0,0,10,14,12,0,0,0,0,0,0,0,0,0,11328,32848,1281,1115,803,8911,5956,21992,1065,718,594,8774,0,0,0,0,0,0,1676220,1595550,1486066,1052268,631401,571159
23,2014-15,MADHYA PRADESH,308245,72597.57,21.99,20.3,930,15.6,21.1,70.63,80.53,60.02,Gujarat,2014-15,33,252,19872,4371,10811,1441,207,687,150,3587,3987,752,561,147,298,118,2871,2520,403,880,60,389,32,716,1467,349,420365,96155,48153,12193,397092,1652781,105618,2732357,145370,60060,19031,9970,291650,921342,47465,1494888,274995,36095,29122,2223,105442,731439,58153,1237469,13630,2705,2367,470,14563,44343,4219,82534,5111,1700,986,410,10964,24082,2061,45422,8519,1005,1381,60,3599,20261,2158,37112,0,7,27,53,21,1,13,122,0,1,2,7,131,17,23,181,1441,207,687,150,3579,3987,750,10801,1420,196,674,138,3386,3729,717,10260,1417,195,676,107,3302,3614,695,10006,24,12,10,36,140,309,41,572,21,11,12,6,74,196,20,340,1396,184,665,108,3271,3423,680,9727,421,52,176,37,667,1166,203,2722,1441,207,687,148,3577,3987,751,10798,1441,206,687,146,3574,3986,750,10790,806,120,337,85,1762,2489,391,5990,499,81,191,46,899,1567,204,3487,1349,186,606,95,2738,3574,579,9127,325,55,93,13,246,899,88,1719,1412,197,658,126,3008,3754,718,9873,12,0,4,0,5,10,3,34,204,28,26,0,8,302,68,636,1371,180,643,79,2724,3615,636,9248,89,25,29,8,184,295,49,679,51,19,24,30,262,250,48,684,Gujarat,2014-15,1238,161,439,49,1692,2771,440,6790,423,124,107,47,2209,2749,245,5904,1375,194,654,107,2782,3557,637,9306,1362,189,637,109,3307,3755,654,10013,429,98,204,67,1710,1898,258,4664,164,18,56,21,576,820,80,1735,179,35,68,27,1052,1138,113,2612,316,41,168,120,832,480,467,2424,10183,1828,1786,312,10044,32190,3233,59659,7346,674,1422,149,3374,13277,1426,27790,162974,38503,17776,6657,164962,714462,41172,1146506,Gujarat,2014-15,598117,479173,537101,373259,491332,344693,286941,218294,270477,210260,3786,3098,6272,3643,5045,3316,1741,1614,2073,1683,6905,4518,3454,2001,3151,1860,1630,946,1534,934,1442,1450,1403,2142,488,370,230,136,98,143914,61231,76599,35378,254069,118819,135352,65320,808870,313816,402212,159850,116856,47602,54179,24067,32934,2090,1099,21868,785,295,258168,216224,43310,30561,0,0,226630,182057,193718,143116,0,0,74875,56531,204882,142365,177189,132824,25225,17065,67244,42519,210893,145965,13220,7296,28023,14682,103257,65906,410,434,0,0,80195,65824,933,673,117009,91120,75202,62489,61590,42987,109476,88219,27738,17929,84866,58879,153464,108767,36662,26951,46565,39889,212025,121031,121564,91722,22564,18412,29520,27763,146511,92472,96733,85035,99073,794,2750,84762,48768,79559,672,1974,89202,78728,93955,767,2619,79416,45061,77107,639,1749,12903,15501,7804,8144,16207,15748,43283,29850,8885,12701,5207,6042,11438,12594,29140,23996,38395,20968,3979,2126,4474,3366,22284,10471,35983,19727,3499,1884,3597,2805,20184,9713,45600,41907,6884,5157,4019,3050,36765,24417,35276,36519,4610,4149,2570,2329,26742,20558,928,740,154,110,49,152,497,332,408,484,77,64,24,42,297,275,565,448,384,274,278,333,1716,687,376,530,279,306,190,280,1143,770,Gujarat,2014-15,8974,19971,24310,884,44,0,4257,9414,13346,408,21,0,0,0,0,0,0,0,86,197,266,12,0,0,68,120,146,10,0,0,0,0,0,0,0,0,1150,45787,3655,2788,1302,62,1197,22578,1751,1637,561,66,0,0,0,0,0,0,971763,931377,814488,711137,463532,408792
24,2014-15,GUJARAT,196024,60383.63,31.35,19.17,918,6.7,14.8,79.31,87.23,70.73,Daman & Diu,2014-15,2,2,39,7,42,8,3,6,0,13,10,2,4,2,2,0,9,7,0,4,1,4,0,4,3,2,2338,1671,533,0,1467,3603,82,9694,991,302,80,0,831,2492,0,4696,1347,1369,453,0,636,1111,82,4998,80,63,27,0,122,190,8,490,36,29,5,0,75,130,0,275,44,34,22,0,47,60,8,215,0,0,0,0,0,0,0,0,0,0,0,0,0,0,0,0,8,3,6,0,13,10,2,42,8,3,6,0,12,8,2,39,8,3,6,0,12,8,2,39,0,0,0,0,1,2,0,3,0,0,0,0,1,2,0,3,8,3,6,0,11,6,2,36,1,0,2,0,8,4,0,15,8,3,6,0,13,10,2,42,8,3,6,0,13,10,2,42,2,1,3,0,12,8,1,27,2,0,1,0,9,3,1,16,8,3,6,0,13,10,2,42,3,1,0,0,0,2,0,6,8,3,6,0,11,10,2,40,0,0,0,0,0,0,0,0,6,3,3,0,8,5,2,27,8,3,6,0,7,9,2,35,1,2,2,0,0,0,0,5,0,1,0,0,0,0,0,1,Daman & Diu,2014-15,8,3,6,0,10,9,2,38,3,0,2,0,1,2,0,8,7,3,5,0,6,8,1,30,8,3,5,0,13,9,1,39,1,1,0,0,13,10,0,25,0,1,0,0,9,9,0,19,2,1,4,0,10,9,1,27,2,0,2,0,3,0,0,7,59,41,21,0,43,97,11,272,55,23,13,0,48,89,3,231,1013,771,181,0,653,1926,31,4575,Daman & Diu,2014-15,1799,1474,1659,1435,1575,1330,881,774,1004,1036,0,0,10,1,5,3,0,0,6,5,17,7,6,2,3,2,3,1,4,2,10,11,10,15,2,2,1,0,1,347,149,153,80,710,346,265,132,2864,1377,1604,790,389,163,98,47,108,35,187,99,0,4,343,321,2,2,0,0,873,660,371,416,0,0,415,381,771,625,366,339,115,82,404,319,730,641,53,30,111,73,479,350,0,0,0,0,220,248,0,0,360,303,267,424,232,173,389,376,69,50,348,236,378,282,71,80,135,139,651,624,305,243,44,55,28,51,396,402,72,216,137,8,0,218,85,136,9,0,168,187,160,17,0,394,107,181,9,0,4,4,6,10,36,35,138,246,1,4,3,7,21,27,75,192,114,90,26,28,18,20,148,87,110,87,22,21,12,15,137,77,93,121,31,21,63,59,235,131,67,97,21,12,29,38,165,109,9,5,2,1,0,2,8,13,7,5,3,2,0,2,23,18,17,8,0,0,0,0,0,0,0,0,0,0,0,0,0,0,Daman & Diu,2014-15,21,79,152,6,1,0,15,69,136,4,0,3,0,0,0,0,0,0,0,0,0,0,0,0,1,3,0,0,0,0,0,0,0,0,0,0,5,217,10,7,14,6,7,203,4,10,4,3,0,0,0,0,0,0,3426,3102,3149,2555,2251,1956
25,2014-15,DAMAN & DIU,112,242.91,23.61,53.54,618,2.5,6.3,87.07,91.48,79.59,Dadra & Nagar Haveli,2014-15,1,1,70,11,40,6,1,9,0,11,12,1,2,1,8,0,9,9,0,4,0,1,0,2,3,1,2620,232,661,0,3491,9905,710,17619,381,232,648,0,2559,6994,0,10814,2239,0,13,0,932,2911,710,6805,130,14,43,0,114,311,24,636,29,14,41,0,76,238,0,398,101,0,2,0,38,73,24,238,0,0,1,0,0,0,0,1,0,0,0,0,0,0,0,0,6,1,9,0,11,12,1,40,6,1,9,0,11,12,1,40,6,1,9,0,11,12,1,40,0,0,0,0,0,0,0,0,0,0,0,0,0,0,0,0,6,1,9,0,11,12,1,40,1,0,2,0,0,0,0,3,6,1,9,0,11,12,1,40,6,1,9,0,11,12,1,40,1,0,1,0,3,4,0,9,1,0,0,0,0,1,0,2,6,1,9,0,9,10,1,36,5,1,2,0,0,0,1,9,6,1,9,0,8,12,1,37,0,0,1,0,0,0,0,1,3,1,2,0,9,9,1,25,6,1,9,0,4,11,1,32,0,1,4,0,4,6,1,16,0,1,3,0,2,4,1,11,Dadra & Nagar Haveli,2014-15,6,1,8,0,2,6,0,23,3,1,1,0,0,4,0,9,6,1,9,0,4,11,1,32,6,1,9,0,11,12,1,40,0,0,4,0,11,12,0,27,0,1,1,0,9,12,0,23,0,1,3,0,10,12,0,26,0,0,1,0,5,1,0,7,70,7,19,0,66,173,11,346,89,3,17,0,48,172,16,345,1114,108,288,0,1571,4599,425,8105,Dadra & Nagar Haveli,2014-15,4049,3377,3695,3037,3184,2700,1309,1110,1326,1258,32,19,25,14,7,6,28,4,1,2,27,14,28,15,6,7,4,6,5,4,13,12,13,12,1,1,1,0,0,295,131,188,117,8414,3880,2700,1236,268,119,220,109,357,166,134,61,229,3,12,84,2,16,1537,1424,4,2,0,0,1478,1256,1173,1047,0,0,699,477,1570,1333,1127,1107,214,155,625,474,1252,1048,121,65,323,181,805,545,0,0,0,0,324,355,0,0,498,461,372,453,265,182,488,483,222,112,466,322,824,640,60,68,1852,1529,61,60,517,436,35,42,390,360,49,43,349,444,516,0,0,292,375,443,0,0,411,435,480,0,0,420,392,446,0,0,25,25,7,11,440,359,1,6,9,14,3,4,202,185,0,3,135,97,16,9,102,89,23,20,129,92,13,9,89,74,19,18,259,264,21,23,194,129,21,18,163,202,13,16,90,67,13,16,0,0,0,0,0,0,0,0,0,0,0,0,0,0,0,0,0,0,0,0,0,0,0,0,0,0,0,0,0,0,0,0,Dadra & Nagar Haveli,2014-15,28,132,121,9,0,0,7,143,185,10,0,0,0,0,0,0,0,0,1,0,0,0,0,0,0,0,0,0,0,0,0,0,0,0,0,0,4,236,6,13,15,17,3,303,14,5,7,13,0,0,0,0,0,0,7664,7289,6398,5239,2787,2320
26,2014-15,DADRA & NAGAR HAVELI,491,342.85,14.72,55.5,775,1.8,52.0,77.65,86.46,65.93,Maharashtra,2014-15,36,408,43662,5595,24497,707,4739,1774,7866,6450,1018,1943,433,3290,1135,5163,3966,647,961,274,1449,639,2703,2484,371,982,197160,2653696,138908,1295325,627740,292698,975013,6180540,103008,1520393,82207,650743,325435,158328,247515,3087629,94152,1133303,56701,644582,302305,134370,727498,3092911,9771,77688,8580,54393,34919,10379,23091,219203,4740,45534,4881,28958,19777,5628,7131,116829,5031,32154,3699,25435,15142,4751,15960,102374,3,4,140,27,144,2,38,358,0,1,0,1,36,2,25,65,706,4731,1771,7856,6444,1016,1938,24462,701,4654,1758,7671,6385,1013,1923,24105,689,4526,1734,7331,6308,998,1846,23432,18,192,28,489,81,16,78,902,5,77,13,161,23,2,6,287,684,4470,1733,7216,6346,1000,1859,23308,278,1177,562,1768,1397,253,608,6043,707,4739,1774,7864,6447,1018,1942,24491,702,4697,1761,7620,6065,994,1896,23735,421,3294,1058,5471,4183,635,1185,16247,356,2895,839,4768,3399,527,845,13629,701,4674,1727,7727,6242,995,1841,23907,333,1358,457,816,587,129,843,4523,676,4433,1613,6955,5503,917,1747,21844,11,37,54,35,47,10,34,228,255,1849,312,1339,810,292,392,5249,674,4593,1672,7432,6017,987,1883,23258,193,497,428,441,384,164,207,2314,170,238,405,367,413,155,204,1952,Maharashtra,2014-15,457,3250,922,4171,3205,618,1204,13827,250,3281,586,3529,1741,350,564,10301,692,4638,1712,7614,6109,986,1774,23525,618,4383,1597,7059,5521,894,1101,21173,383,3658,897,5759,4340,700,677,16414,131,1172,303,1581,1042,165,273,4667,334,3125,779,5195,3833,581,644,14491,125,35,335,315,1256,113,879,3058,4927,42034,4376,25700,15598,5987,15158,113809,5598,22475,4560,18556,13129,3784,8835,77140,85881,1232765,60047,614611,283110,124453,426109,2826976,Maharashtra,2014-15,1055279,901532,1080848,889666,913574,780971,711526,601991,647616,554348,744,566,12930,7224,6566,3457,4654,3455,9090,4816,15943,12400,13514,10414,11125,8811,2206,2156,2201,2091,3690,3704,3620,4613,1672,1203,1342,421,443,518359,238769,329775,153095,321282,143926,170895,75125,1323492,601530,913892,420568,388495,187086,188351,92532,68212,2948,10098,37817,452,954,161235,147455,36590,31401,0,0,471501,408944,182217,163237,0,0,306832,254214,443832,377092,152128,145638,83902,68091,294067,231113,398172,354982,31848,22858,124146,86811,363223,280404,17,10,0,0,88761,84699,91,27,248927,228107,88298,85841,244240,198588,230460,212208,123073,84607,322331,250861,345899,291483,111736,95997,64279,53325,299864,250164,314327,276934,94786,84042,53972,45377,265567,226051,241721,259732,160226,39321,8133,242143,188997,144082,17545,5623,232980,237588,138544,34893,7490,221678,174384,131440,16380,5169,56402,61374,30180,28198,22608,18589,77142,78436,46210,55282,24638,24701,18652,16130,65233,70773,106954,76518,25156,19215,11266,7629,84774,59283,97790,72446,23022,17737,10118,7375,78942,56781,87786,81823,14239,13697,3688,3014,35121,37415,76266,76216,11892,12381,3363,3216,31266,31944,12709,4251,4729,1862,1226,563,12008,3918,11270,3851,4125,1734,1064,493,10699,3471,2422,2059,523,474,158,85,1842,1575,2000,1763,423,403,130,94,1501,1178,Maharashtra,2014-15,12436,73618,51570,1159,99,10,6790,34708,31829,887,45,4,0,0,0,0,0,0,283,1106,1737,42,3,0,255,976,1614,32,0,0,0,0,0,0,0,0,6618,124942,5198,1706,2825,774,5298,65842,3450,810,1231,509,0,0,0,0,0,0,1947459,1879930,1863020,1576572,1213392,1121859
27,2014-15,MAHARASHTRA,307713,112372.97,36.58,15.99,925,11.8,9.4,82.91,89.82,75.48,Andhra Pradesh,2014-15,13,670,15223,4974,13358,182,180,1126,9624,31,6,2209,122,165,706,6647,19,3,1287,60,15,420,2977,12,3,922,48196,28890,101572,1128670,2477,1860,785839,2097504,30475,25657,56465,744546,1333,600,407963,1267039,17721,3233,45107,384124,1144,1260,377876,830465,1949,1694,4923,60019,227,59,20210,89306,1413,1504,3072,42664,141,14,12239,61219,536,190,1851,17355,86,45,7971,28087,0,0,18,50,0,0,4,72,0,1,10,86,0,1,97,195,182,179,1125,9617,31,6,2208,13348,138,176,927,9439,30,6,2033,12749,96,168,864,6983,25,3,1768,9907,82,0,181,670,0,1,166,1100,44,3,195,93,0,0,63,398,56,177,750,8861,31,5,1980,11860,23,42,78,730,3,1,279,1156,182,162,1121,9381,31,6,2173,13056,182,155,1099,9346,29,5,2059,12875,62,119,447,4058,14,2,1001,5703,30,79,137,2199,5,0,162,2612,178,110,1013,9246,31,5,1928,12511,67,16,123,748,1,2,294,1251,172,59,963,7656,27,5,1954,10836,6,1,17,88,0,0,74,186,80,18,61,644,1,1,680,1485,162,162,684,5933,22,3,1186,8152,39,15,151,337,0,2,168,712,58,18,117,503,2,2,137,837,Andhra Pradesh,2014-15,138,24,414,3283,11,4,589,4463,62,49,188,2168,8,0,447,2922,159,80,844,7869,27,4,1703,10686,163,77,780,7470,14,2,702,9208,129,98,474,6086,10,3,409,7209,67,36,216,3989,1,0,187,4496,79,51,271,4617,0,0,300,5318,16,159,420,2045,9,4,701,3354,1382,1201,3573,30021,87,57,22027,58395,1034,754,2443,24481,94,21,4949,33877,29547,13744,48194,551324,996,1293,374391,1019489,Andhra Pradesh,2014-15,350695,330754,334765,319883,317437,303605,224643,209868,201170,186133,44,17,74,33,2,1,0,0,0,0,4536,4300,3705,3684,3100,3156,380,242,273,191,814,801,691,518,209,109,58,43,51,246043,121939,161008,80024,66351,32653,45792,22243,607903,296822,372524,175925,77338,38213,36963,17601,27528,3746,3149,20316,898,1668,248559,232869,43708,46677,0,0,80737,78737,204713,191599,0,0,17134,15735,70962,68489,234043,221160,3509,2759,12666,10897,69209,69063,756,654,2716,2221,14185,13382,0,0,0,0,136867,129419,0,0,67753,64968,125151,115676,14405,11840,57895,54758,5618,3641,18124,15699,78961,75697,50480,50356,14633,13353,130247,122193,75462,71831,44849,44358,12809,11998,120068,111235,30937,54370,17738,5089,463,32169,53969,15544,3428,793,14190,33602,10581,2959,317,13595,28950,8777,2099,396,6145,5457,4939,5466,1450,1421,9324,8635,4268,4225,3003,3425,921,1048,6320,6001,37262,35470,14459,15467,3856,3713,45826,38461,31768,30213,10885,11485,2981,3061,32932,31019,9332,8108,7537,5580,1512,1047,14339,11912,6746,6349,4776,3916,1002,899,9954,8581,2241,1666,4208,3857,1042,1305,5749,3908,1941,1544,2923,2792,855,1047,4535,3131,70,273,40,32,20,10,88,162,20,217,16,25,16,7,56,128,Andhra Pradesh,2014-15,1839,18378,30654,1390,0,0,1553,13695,15613,621,0,0,0,0,0,0,0,0,109,477,2455,127,0,0,153,755,1429,58,0,0,0,0,0,0,0,0,752,40697,7751,2471,357,3401,646,26760,3245,1506,245,1475,0,0,0,0,0,0,720451,680306,639643,568862,439083,414869
28,2014-15,ANDHRA PRADESH,275045,84665.53,24.58,11.1,992,16.4,7.0,67.66,75.56,59.74,Karnataka,2014-15,34,203,28744,4055,17575,899,57,2501,718,9946,965,2489,104,35,926,462,6423,661,1118,795,22,1575,256,3523,304,1369,97653,17259,196671,65829,1201713,374177,493583,2447332,13380,8370,63223,39757,735576,198319,179734,1238359,84273,8889,133448,26072,466137,175858,313613,1208737,3968,671,11334,3657,78152,15069,16179,130225,719,367,4156,2313,49119,9294,7498,74044,3249,304,7178,1344,29033,5775,8670,56170,3,0,34,3,34,0,5,79,4,0,4,1,18,0,95,122,899,57,2501,718,9944,965,2488,17572,893,51,2489,701,9825,935,2216,17110,888,53,2489,597,9458,891,2090,16466,9,4,12,120,477,73,161,856,4,6,11,17,117,30,30,215,886,47,2478,581,9352,862,2291,16497,132,8,317,54,760,74,509,1854,895,57,2497,718,9935,964,2436,17502,895,57,2487,701,9608,957,2291,16996,84,25,618,247,3250,330,1223,5777,61,18,400,117,1837,215,842,3490,892,56,2455,657,9785,964,2290,17099,176,13,378,79,710,56,768,2180,847,53,2266,549,7390,790,2187,14082,16,3,57,24,86,3,81,270,105,21,134,22,724,193,218,1417,838,54,2229,525,7518,675,1759,13598,23,12,87,198,293,35,309,957,17,8,60,224,128,17,237,691,Karnataka,2014-15,613,36,1108,168,2437,281,423,5066,371,24,565,148,3290,465,382,5245,784,54,2198,515,8781,892,1670,14894,835,53,2326,649,9268,895,1106,15132,79,21,751,255,4229,489,1073,6897,18,6,158,84,1479,146,550,2441,49,8,121,43,1246,174,583,2224,109,7,455,482,2273,50,1063,4439,3499,417,8679,1989,29761,7658,15225,67265,2988,203,7345,1406,28950,5680,4957,52312,46287,7764,89470,31681,580665,193268,244932,1194256,Karnataka,2014-15,515721,474682,479844,436940,440697,409509,183707,185022,148828,162785,4414,3412,5759,4029,4018,3429,4431,3597,5576,3939,6228,4405,4504,3168,3509,2548,323,177,151,127,794,789,778,915,371,328,226,162,155,311861,146389,108088,54271,126576,59699,46792,22951,970928,471812,415110,215944,212769,108312,51997,28493,42340,2918,2665,16581,187,870,59223,58052,10237,9612,0,0,419717,382515,59221,59438,0,0,7189,7210,245872,219459,62197,62237,23589,20949,133053,119726,227086,209573,6026,5954,31427,28707,151414,137706,0,0,0,0,16397,17362,0,0,79333,83788,14597,18553,65618,63006,66656,73914,22109,20522,67292,70002,89295,82712,59260,54779,24571,22687,175393,171048,77949,73740,47579,45211,20162,19316,152271,152853,36713,25294,27339,43,21,38796,24215,29137,27,0,27202,21962,30625,23,16,32822,21003,26107,22,0,4162,5229,8314,9631,3489,4203,21961,29522,2873,3918,4602,5898,2047,2916,13582,20663,7938,7385,3026,2865,1316,1290,17767,18854,6062,5664,1889,1686,864,908,13033,13603,5693,6548,3810,4075,1870,2466,21639,26254,4513,5434,2487,3020,1269,1743,16719,22365,3294,427,12,12,2,2,67,51,55,41,15,11,2,3,92,100,30,8,6,2,0,0,77,52,14,1,5,11,13,15,75,71,Karnataka,2014-15,32589,20320,20195,3229,123,130,22491,13918,13352,2087,69,127,74,1,27,4,0,849,164,96,92,19,0,1,128,64,55,14,7,0,0,0,0,0,0,0,4601,57224,4600,4615,681,5237,2567,40055,2329,2897,542,3922,0,20,4,0,0,931,1009437,962361,896324,789011,206019,177355
29,2014-15,KARNATAKA,191791,61130.7,29.38,15.67,968,17.1,7.0,75.6,82.85,68.13,Goa,2014-15,2,12,576,110,487,13,5,168,216,0,0,85,6,0,117,166,0,0,53,7,5,51,50,0,0,32,3200,2041,23581,25155,0,0,32366,86343,1194,0,13857,15286,0,0,17366,47703,2006,2041,9724,9869,0,0,15000,38640,186,152,1681,2006,0,0,1710,5736,61,0,1029,1401,0,0,932,3423,125,152,652,605,0,0,778,2312,0,0,3,3,0,0,0,6,0,0,0,0,0,0,0,0,13,5,165,216,0,0,85,484,13,5,163,212,0,0,84,477,13,5,160,214,0,0,79,471,0,0,6,0,0,0,5,11,0,0,5,4,0,0,1,10,13,5,157,212,0,0,79,466,7,0,11,19,0,0,12,49,13,5,168,215,0,0,85,486,13,5,168,216,0,0,85,487,7,0,46,63,0,0,19,135,4,0,12,27,0,0,2,45,13,5,167,215,0,0,84,484,7,3,13,10,0,0,57,90,13,5,145,168,0,0,75,406,1,0,6,2,0,0,0,9,7,4,145,161,0,0,55,372,13,5,151,169,0,0,75,413,2,2,7,5,0,0,6,22,1,2,8,1,0,0,1,13,Goa,2014-15,13,5,156,192,0,0,74,440,9,3,135,151,0,0,57,355,13,3,124,125,0,0,59,324,11,5,165,213,0,0,32,426,8,5,112,180,0,0,44,349,1,3,22,85,0,0,11,122,6,5,150,197,0,0,75,433,0,0,2,8,0,0,10,20,107,55,594,709,0,0,803,2268,132,82,1251,1271,0,0,1121,3858,1379,974,11408,11267,0,0,16480,41508,Goa,2014-15,12709,11681,17042,13578,10470,10207,9619,9257,7704,8466,19,20,2438,1219,220,153,159,71,38,26,286,141,210,102,119,78,22,10,16,10,65,65,65,83,5,6,8,5,3,1018,490,700,384,6004,2879,4034,2070,6986,3349,5470,2909,4684,2136,2451,1295,1275,57,42,854,5,33,1093,857,168,106,0,0,8394,8256,1398,1267,0,0,2240,1889,8943,8254,1070,932,608,414,3712,2455,6180,6500,374,265,2821,1496,3220,2775,0,0,0,0,858,836,0,28,4447,4756,560,746,2752,2450,3596,3961,1562,1215,3533,3688,7123,6855,124,156,1055,972,1132,1230,6006,5931,101,117,854,785,937,1028,1466,2267,2842,2174,0,2711,2389,2402,885,28,865,2118,2215,1656,0,2088,2258,2403,883,22,561,1242,15,36,97,214,91,236,447,1087,11,28,81,193,78,190,1336,1151,17,22,77,96,170,225,1141,1150,13,19,62,82,162,223,1620,1470,29,44,185,197,213,283,1240,1307,26,42,154,178,198,270,1131,480,42,18,212,102,222,123,984,475,35,18,202,89,205,112,4,0,0,0,10,0,11,0,13,2,0,0,10,0,11,0,Goa,2014-15,105,791,942,35,0,0,124,1768,1921,33,1,0,0,0,0,0,0,0,1,2,2,0,0,0,2,7,2,0,0,0,0,0,0,0,0,0,87,1396,83,131,106,75,152,3087,92,227,157,143,0,0,0,0,0,0,24389,26497,28417,19116,18856,12050
30,2014-15,GOA,3702,1457.72,46.0,8.17,968,1.7,10.2,87.4,92.81,81.84,Lakshadweep,2014-15,1,3,10,9,13,4,7,0,0,0,2,0,4,5,0,0,0,2,0,0,2,0,0,0,0,0,779,3299,0,0,0,857,0,4935,779,2227,0,0,0,857,0,3863,0,1072,0,0,0,0,0,1072,90,273,0,0,0,75,0,438,90,168,0,0,0,75,0,333,0,105,0,0,0,0,0,105,0,0,0,0,0,0,0,0,0,0,0,0,0,0,0,0,4,7,0,0,0,2,0,13,4,7,0,0,0,2,0,13,4,7,0,0,0,2,0,13,0,0,0,0,0,0,0,0,0,0,0,0,0,0,0,0,4,7,0,0,0,2,0,13,1,1,0,0,0,0,0,2,4,7,0,0,0,2,0,13,4,7,0,0,0,2,0,13,2,3,0,0,0,2,0,7,1,2,0,0,0,1,0,4,4,7,0,0,0,2,0,13,1,7,0,0,0,2,0,10,4,4,0,0,0,1,0,9,0,0,0,0,0,0,0,0,2,6,0,0,0,2,0,10,4,7,0,0,0,2,0,13,0,0,0,0,0,0,0,0,0,1,0,0,0,0,0,1,Lakshadweep,2014-15,4,7,0,0,0,2,0,13,4,5,0,0,0,2,0,11,2,6,0,0,0,2,0,10,3,5,0,0,0,2,0,10,4,7,0,0,0,2,0,13,3,2,0,0,0,1,0,6,4,6,0,0,0,2,0,12,0,0,0,0,0,0,0,0,31,101,0,0,0,25,0,157,32,112,0,0,0,33,0,177,637,1468,0,0,0,480,0,2585,Lakshadweep,2014-15,577,625,759,727,613,846,466,560,512,452,0,1,184,91,0,0,0,0,0,0,23,17,14,8,5,4,6,4,5,4,13,13,13,9,1,0,3,0,0,2,1,5,2,2916,1558,1968,1001,23,10,13,5,2943,1575,1980,1006,85,0,6,64,0,2,163,198,6,2,0,0,259,296,187,221,0,0,138,119,376,371,163,273,16,10,129,89,298,476,1,2,61,44,152,97,0,0,0,0,30,46,0,0,244,335,19,42,112,122,231,260,80,57,262,149,0,3,1,0,488,661,1,1,0,3,1,0,397,600,1,1,247,164,58,0,0,205,306,45,0,0,265,173,42,0,0,169,258,27,0,0,0,0,0,0,238,137,0,0,0,0,0,0,106,96,0,0,4,2,0,0,159,221,0,0,2,2,0,0,97,170,0,0,0,0,0,0,74,44,0,0,0,0,0,0,7,23,0,0,0,0,0,0,0,0,0,0,0,0,0,0,0,0,0,0,0,0,0,0,0,0,0,0,0,0,0,0,0,0,0,0,Lakshadweep,2014-15,36,89,126,4,0,0,16,65,92,1,0,0,0,0,0,0,0,0,4,2,0,0,0,0,1,1,1,0,0,0,0,0,0,0,0,0,17,202,22,18,1,1,4,155,6,11,0,1,0,0,0,0,0,0,1190,1240,1835,1166,992,1007
31,2014-15,LAKSHADWEEP,32,64.43,41.86,6.23,946,0.0,94.8,92.28,96.11,88.25,Kerala,2014-15,14,166,1897,1378,4554,1408,1017,1083,387,167,437,55,1008,750,910,304,150,371,41,400,267,173,83,17,66,14,509909,785296,84994,82606,34334,366495,10357,1873991,351337,564806,69436,61805,30985,324142,6507,1409018,158572,220490,15558,20801,3349,42353,3850,464973,30726,38601,7424,5427,2534,18482,550,103786,21369,28091,6251,4164,2321,16183,382,78792,9357,10510,1173,1263,213,2299,168,24994,1,0,62,1,0,0,0,64,1,0,2,0,0,0,1,4,1397,1010,1063,385,167,437,55,4514,1403,951,1079,365,157,423,55,4433,1397,915,1071,318,160,417,42,4320,6,100,2,68,6,16,13,211,3,64,3,22,10,13,0,115,1399,853,1078,297,151,407,42,4227,402,326,310,66,23,101,9,1237,1407,1016,1083,386,166,437,55,4550,1401,1013,1068,386,167,433,54,4522,395,414,310,146,44,135,13,1457,319,366,245,131,35,109,8,1213,1398,1017,1054,386,164,436,53,4508,676,64,331,15,5,27,18,1136,1340,933,948,340,117,380,48,4106,34,2,42,0,2,0,0,80,266,199,31,1,1,128,9,635,1216,897,970,339,148,353,44,3967,101,35,41,10,3,11,1,202,106,37,40,15,2,2,4,206,Kerala,2014-15,1336,996,870,373,157,426,39,4197,909,809,511,280,120,337,24,2990,1254,918,948,355,136,385,43,4039,1162,898,827,349,137,338,18,3729,576,530,356,146,92,286,16,2002,280,196,153,38,19,92,5,783,679,582,418,203,104,271,17,2274,26,1,62,3,8,2,10,112,14836,17801,3474,2469,962,7970,293,47919,23566,26227,5989,4196,1591,10904,397,72901,252772,394966,42590,49695,14453,175947,5805,936228,Kerala,2014-15,277736,263687,291991,271019,276869,265551,191249,203792,177654,195866,233,205,4876,1500,204,186,433,368,384,386,10118,7561,5295,3760,5728,3759,2030,1354,1899,1341,1118,1119,1057,1318,433,258,105,55,47,107221,51508,76896,39544,16826,8145,10160,5258,709482,345054,448282,235822,341519,166444,177351,93998,26643,1039,2076,16245,519,1083,89759,87975,15001,17745,0,0,142976,138697,82322,80324,0,0,36553,30528,145645,135380,86740,87400,4627,3785,38603,30843,142150,139611,1438,1275,8083,5216,45964,37187,1169,1542,0,0,46450,49892,2568,2944,101316,110293,48771,54740,33043,33422,89936,100187,9105,8494,36201,37771,63602,59825,22727,21416,3921,4644,146434,138737,60745,60701,20630,20167,3642,4385,137512,134350,28275,54948,31482,6974,2317,32396,61928,30979,5978,1692,23528,45499,25897,5610,1826,26616,53655,26511,5381,1439,6391,6099,4306,4331,587,708,14969,18281,4687,5102,2360,2986,402,598,11060,15857,26582,31844,6153,6423,587,810,36940,42708,22417,26973,3309,4426,353,593,29510,36059,11802,10689,4693,4770,632,671,24722,24030,9894,9346,3100,3636,435,556,19976,21723,2585,2276,739,739,107,63,5676,5408,1858,1766,553,583,49,61,4350,4687,987,751,240,243,20,25,1079,1044,533,417,163,187,27,26,984,937,Kerala,2014-15,3228,11468,14758,890,10,154,5880,28186,36207,1536,23,416,0,0,0,0,0,2,79,140,135,18,0,3,68,241,311,32,0,1,0,0,0,0,0,0,1240,25133,1516,1352,578,1064,2433,62446,2856,2187,845,2134,0,0,0,0,0,2,539837,555588,564898,537538,399093,388238
32,2014-15,KERALA,38863,33387.68,24.76,4.86,1084,9.1,1.5,93.91,96.02,91.98,Tamil Nadu,2014-15,30,413,19306,4091,12297,4290,7968,0,0,6,18,15,1978,5761,0,0,5,10,5,2312,2207,0,0,1,8,10,973020,2956067,0,0,505,7358,4533,3941483,342587,1610100,0,0,400,4015,1029,1958131,630433,1345967,0,0,105,3343,3504,1983352,54568,114606,0,0,32,252,267,169725,22301,70758,0,0,24,152,68,93303,32267,43848,0,0,8,100,199,76422,67,65,0,0,0,0,0,132,0,13,0,0,0,1,0,14,4290,7961,0,0,6,18,15,12290,4260,7451,0,0,6,16,15,11748,4213,7099,0,0,5,13,15,11345,75,862,0,0,1,5,0,943,29,508,0,0,0,2,0,539,4186,6598,0,0,5,11,15,10815,894,1455,0,0,1,2,3,2355,4284,7917,0,0,6,18,15,12240,4290,7965,0,0,6,18,15,12294,2556,5069,0,0,5,9,7,7646,949,3780,0,0,2,7,1,4739,4288,7856,0,0,6,17,15,12182,876,275,0,0,0,2,3,1156,4184,6635,0,0,5,15,15,10854,59,30,0,0,0,0,0,89,2012,2009,0,0,0,4,14,4039,4217,5360,0,0,5,14,14,9610,620,423,0,0,0,0,2,1045,245,666,0,0,0,3,0,914,Tamil Nadu,2014-15,3960,5687,0,0,1,14,14,9676,1677,863,0,0,1,5,5,2551,4186,6099,0,0,4,15,13,10317,3618,7639,0,0,6,15,12,11290,385,6230,0,0,3,6,1,6625,374,3657,0,0,1,4,2,4038,1736,7164,0,0,5,11,7,8923,721,1167,0,0,0,1,1,1890,32310,74412,0,0,21,211,141,107197,40326,64402,0,0,23,117,184,105052,457399,1533199,0,0,253,3255,1914,1996020,Tamil Nadu,2014-15,612278,578005,578473,544334,561210,542530,414587,460181,391193,448975,809,1406,5785,4207,1413,1953,1866,2038,966,1658,11522,9296,2750,2186,1990,1562,831,761,797,744,4752,4756,4411,4958,789,866,176,196,152,536265,264997,382472,207711,26197,12580,14817,7229,1573900,765806,1239119,654650,121755,60835,89235,48279,52947,3615,2578,45205,828,1927,326111,313988,37612,46898,0,0,250811,232964,258549,240532,0,0,31124,28218,244153,221885,276854,274148,3986,3030,33414,30530,245080,230145,786,513,4665,4454,38915,37956,0,0,0,0,193098,218138,0,0,185406,198877,183496,205300,28927,36170,169951,196322,5831,5950,35661,44835,27262,26905,119650,119256,5916,6064,368236,351617,25464,25680,105572,105241,4905,5289,334368,333074,37511,222083,65266,37181,4156,43041,254652,76749,22534,5183,32627,208223,55364,31294,3539,38549,245141,68215,21179,4690,916,1440,9685,11406,457,450,21235,27238,960,1429,6738,9315,569,418,17138,24470,14498,13826,43760,54887,2320,2979,172780,204771,14312,14331,36579,49336,2893,3891,160267,195447,5691,6695,15188,18825,666,855,41710,56142,5014,6329,11452,15901,694,1390,35472,50623,1216,1534,11835,9755,399,411,28837,20194,791,833,8771,8341,608,669,23446,18039,615,426,1046,1099,65,134,4579,4566,339,337,836,1012,97,144,4078,4663,Tamil Nadu,2014-15,2855,13109,34477,13237,37,0,4946,29742,53666,14898,69,0,0,0,0,0,0,0,193,377,316,70,2,0,234,716,678,98,5,0,0,0,0,0,0,0,1518,45067,14647,1641,1359,441,3292,80563,15739,2413,1449,1596,0,0,0,0,0,0,1205708,1243868,1169110,1091129,880578,827882
33,2014-15,TAMIL NADU,130058,72138.96,38.1,15.6,995,20.0,1.1,80.33,86.81,73.86,Puducherry,2014-15,4,6,146,24,351,91,52,161,37,0,6,4,34,27,89,12,0,2,0,57,25,72,25,0,4,4,33208,24059,11675,5364,0,2847,1505,78658,9776,11940,6658,1855,0,585,0,30814,23432,12119,5017,3509,0,2262,1505,47844,1879,1437,1014,482,0,168,57,5038,636,720,597,141,0,43,0,2138,1243,717,417,341,0,125,57,2900,0,0,3,0,0,0,0,3,0,0,0,0,0,0,0,0,90,52,159,37,0,6,4,348,88,45,159,30,0,4,3,329,89,41,159,31,0,4,4,328,2,11,2,6,0,2,0,23,3,7,2,7,0,2,1,22,86,34,157,24,0,2,3,306,6,16,20,12,0,2,0,56,91,52,160,37,0,6,4,350,91,52,161,37,0,6,4,351,60,36,84,30,0,4,1,215,23,34,41,28,0,2,0,128,91,52,161,37,0,6,4,351,12,19,25,11,0,2,1,70,88,52,154,37,0,6,4,341,1,0,2,0,0,0,0,3,43,11,8,3,0,2,3,70,87,47,147,30,0,5,3,319,31,22,12,12,0,2,1,80,4,3,0,0,0,0,0,7,Puducherry,2014-15,85,48,113,36,0,6,4,292,31,9,25,4,0,1,1,71,88,45,139,20,0,3,2,297,77,47,145,36,0,4,4,313,6,49,36,37,0,5,0,133,0,6,2,3,0,1,0,12,11,39,41,21,0,2,2,116,5,0,13,0,0,0,1,19,970,658,419,170,0,87,29,2337,1190,738,708,251,0,88,7,2982,15927,13687,5710,2541,0,1569,603,40037,Puducherry,2014-15,11595,10654,12329,11544,11230,11264,8035,8982,7027,8247,7,5,888,576,76,95,253,165,190,198,70,66,89,65,58,69,24,19,14,23,98,98,95,97,15,10,3,2,3,9499,4744,5659,3030,0,0,0,0,33240,16480,24052,12977,2795,1297,1899,941,963,325,494,902,0,3,8250,7999,1152,690,0,0,3028,2373,7537,7707,0,0,294,255,2973,2706,7840,8548,18,20,480,349,2831,2304,5,7,187,92,559,412,0,0,0,0,3689,3601,0,0,3383,4082,3345,2663,749,1081,2823,4207,214,218,859,1377,859,768,1971,1951,8,6,7164,7392,799,722,1603,1708,0,1,6478,7069,146,4743,1439,469,17,309,5628,1728,348,13,114,4226,1048,293,0,191,4931,1474,265,0,34,33,72,62,0,0,131,159,24,31,29,44,0,0,69,114,397,401,597,864,1,4,3154,4032,370,399,462,724,74,38,2778,3771,93,86,224,282,0,0,877,1291,94,104,146,185,19,0,645,1124,7,1,94,105,0,0,283,199,2,11,59,85,1,0,186,191,4,7,5,3,0,0,8,21,4,7,5,2,0,0,8,20,Puducherry,2014-15,42,427,1268,316,3,0,105,839,1660,374,3,1,0,0,0,0,0,0,0,0,0,0,0,0,0,0,0,0,0,0,0,0,0,0,0,0,13,1554,261,216,6,6,38,2562,214,157,4,7,0,0,0,0,0,0,22439,22480,26245,21046,17226,15140
34,2014-15,PUDUCHERRY,479,1244.46,52.12,27.72,1038,15.7,0.0,86.55,92.12,81.22,Andaman & Nicobar Islands,2014-15,3,9,198,37,109,38,19,48,0,0,4,0,23,17,42,0,0,3,0,15,2,6,0,0,1,0,13053,5728,2774,0,0,3201,0,24756,6360,4852,2190,0,0,2115,0,15517,6693,876,584,0,0,1086,0,9239,790,343,267,0,0,163,0,1563,406,305,217,0,0,119,0,1047,384,38,50,0,0,44,0,516,0,0,0,0,0,0,0,0,0,0,0,0,0,0,0,0,38,19,48,0,0,4,0,109,38,19,48,0,0,4,0,109,37,19,48,0,0,4,0,108,1,0,0,0,0,0,0,1,0,0,0,0,0,0,0,0,37,19,48,0,0,4,0,108,6,2,3,0,0,1,0,12,38,19,48,0,0,4,0,109,38,19,48,0,0,4,0,109,13,7,19,0,0,3,0,42,7,5,11,0,0,1,0,24,38,19,48,0,0,4,0,109,35,18,43,0,0,4,0,100,33,11,34,0,0,2,0,80,0,0,0,0,0,0,0,0,31,15,25,0,0,4,0,75,36,17,43,0,0,4,0,100,5,7,2,0,0,2,0,16,6,7,2,0,0,1,0,16,Andaman & Nicobar Islands,2014-15,30,14,26,0,0,4,0,74,13,4,4,0,0,2,0,23,32,7,33,0,0,2,0,74,37,18,46,0,0,3,0,104,33,18,40,0,0,4,0,95,20,12,18,0,0,2,0,52,32,18,42,0,0,4,0,96,1,3,1,0,0,0,0,5,386,166,124,0,0,81,0,757,433,166,160,0,0,77,0,836,6452,2789,1370,0,0,1327,0,11938,Andaman & Nicobar Islands,2014-15,3300,3158,3784,3255,2875,3028,3501,3054,2658,2601,12,4,190,76,13,1,314,87,14,11,29,26,42,22,39,23,29,16,26,18,28,28,28,28,12,0,17,0,13,0,0,0,0,904,448,855,408,2649,1366,2595,1267,1026,508,879,432,368,14,48,256,21,50,837,808,126,127,0,0,1552,1588,933,921,0,0,634,529,1682,1522,701,903,181,164,661,458,1385,1417,96,69,382,227,789,708,0,0,0,0,758,820,0,0,1477,1386,505,607,752,561,1046,1075,514,287,1107,919,2493,2306,0,0,229,219,620,602,2441,2280,0,0,221,217,615,600,2311,629,465,42,0,1854,719,433,23,0,1572,601,366,21,0,1471,661,359,23,0,1156,1110,0,5,109,129,303,307,711,758,0,5,86,98,250,250,430,472,2,0,15,22,104,98,339,381,0,0,9,14,82,79,264,315,0,0,5,14,46,36,205,241,0,0,3,11,35,33,36,15,0,0,0,0,2,3,31,13,0,0,0,0,1,2,0,0,0,0,0,0,0,0,0,0,0,0,0,0,0,0,Andaman & Nicobar Islands,2014-15,31,208,420,48,0,0,38,274,422,50,0,0,0,0,0,0,0,0,1,7,9,3,0,0,5,13,31,3,0,0,0,0,0,0,0,0,11,569,50,71,20,6,28,695,48,42,17,6,0,0,0,0,0,0,6562,6716,6728,6551,6698,5083
35,2014-15,ANDAMAN & NICOBAR ISLANDS,8249,379.94,30.58,6.68,878,0.0,7.5,86.27,90.11,81.84,Telangana,2014-15,10,459,9940,2189,13183,132,199,1008,9948,17,5,1874,95,189,572,6130,7,3,959,37,10,436,3818,10,2,915,35677,31722,71430,925315,1540,1140,635932,1702756,25201,29689,37092,548761,585,766,288374,930468,10476,2033,34338,376554,955,374,347558,772288,1411,2626,3330,48789,138,41,12572,68950,924,2543,2040,30883,58,26,7397,43910,487,83,1290,17906,80,15,5175,25040,2,0,19,97,0,0,3,121,3,1,40,109,1,0,177,331,132,198,1007,9944,17,5,1869,13172,96,189,821,9583,17,5,1483,12194,64,182,758,7388,14,4,1407,9817,66,3,123,683,0,1,151,1027,34,2,124,107,0,0,57,324,32,194,761,9158,17,4,1666,11832,26,44,120,901,2,1,206,1300,132,183,1003,9778,16,5,1832,12949,132,148,985,9677,17,5,1754,12718,31,115,339,2878,8,1,655,4027,15,47,131,1489,4,0,168,1854,127,88,892,9431,15,5,1490,12048,41,15,98,712,2,0,300,1168,127,55,920,8595,16,5,1693,11411,5,4,27,116,1,0,56,209,37,10,17,76,0,2,167,309,111,151,622,5226,9,2,937,7058,33,10,158,416,0,2,231,850,34,10,84,387,0,1,58,574,Telangana,2014-15,91,21,346,2940,4,1,399,3802,37,37,130,1613,3,0,273,2093,123,92,760,7784,16,5,1346,10126,117,95,687,7619,11,2,375,8906,53,59,277,5233,2,2,184,5810,20,12,87,2993,2,1,81,3196,17,20,132,3314,2,0,96,3581,7,178,410,1804,4,1,688,3092,791,1325,2366,25280,33,112,17785,47694,861,1113,1550,21007,61,16,2940,27568,22814,16143,33822,460422,736,728,314405,849070,Telangana,2014-15,279502,270939,266563,263439,253454,251730,172751,173067,160918,160834,98,63,99,61,86,77,1626,703,1657,1042,2173,2150,1905,1963,1539,1695,165,139,154,112,432,425,409,282,180,91,50,40,52,181412,91437,123784,63184,100227,47700,68540,32589,518994,258059,314487,156429,111806,59634,45126,25257,21192,5119,2293,16908,619,939,137423,134508,33845,36608,0,0,91418,91275,114584,114297,0,0,37546,33564,85241,83398,138126,136407,9885,8350,24979,22288,85891,87401,3230,3242,7914,6848,29437,27922,0,0,0,0,82142,83251,0,0,63510,64791,80342,80845,17582,17106,58691,60276,9517,7919,21885,19713,31737,34363,36396,37150,21252,18910,102342,101105,28413,31062,30835,31894,18306,15724,90551,91163,23690,25593,10035,4399,883,22974,31300,8425,2802,859,9418,13050,6573,3111,966,9019,15882,6141,2301,815,2489,2176,3782,3166,2456,2083,6920,5799,1587,1368,2102,1973,1341,1303,4315,3705,7889,7347,7837,10048,5198,5264,20789,24093,5906,5572,5516,6871,3760,4093,15699,17751,2674,2487,5340,4603,2814,2438,13054,11108,1868,2047,3033,2944,1818,1789,8005,7899,1138,527,2850,2290,1668,1464,4604,2668,962,774,1933,1716,1215,1157,3271,2255,146,110,77,90,37,31,70,226,3,7,40,62,23,19,54,118,Telangana,2014-15,1409,12997,21627,525,0,0,1358,10591,11486,295,0,0,0,0,0,0,0,0,202,1250,3313,59,0,0,204,1531,2074,29,0,0,0,0,0,0,0,0,528,33249,4987,874,206,1538,503,23331,2190,594,173,777,0,0,0,0,0,0,588922,559740,530072,494835,370324,378395
